,Unnamed: 0,image_link,group_id,entity_name,entity_value,easyocr_output
0,98467,https://m.media-amazon.com/images/I/71c7OUcucTL.jpg,529606,item_weight,567 gram,A THOUGHtFUL GIFT FOR ANY HOME YANkee CANDLe' LEMON LAVENDER citron LAVANDE NATURAL & SyntHETIC FRAGRANCE 567 g PaRFUM NATUREL ET DE SYNTHESE
1,116348,https://m.media-amazon.com/images/I/81KcClrXxaL.jpg,211213,item_weight,1.0 kilogram,"6 Auto Cook Menus 6 From popcorn to pasta, these pre-set menus make heating your favourite foods easier than ever MENUS 90 RICE VEGETABLES PASTh FISH POPCORN BEVERAGES 250g REHEAT SuUg DISPLAY 0fF Ikg DEFROST 1 2 3 4 5 6 7 8 9 [Lock POWER O1# PAUSEYCANCEL START/+30 SEC. AUto Cook"
2,109788,https://m.media-amazon.com/images/I/7194z1PyexL.jpg,297918,item_weight,1.41 ounce,H CHOCOLATE Sqpar Ig FULFIL  AR CARAMEL Fs L 4 V  0 R 29 VITAMIN & PROTEIN BA R Etde NETVT 141 0Z(4Og) NON GMO . GLUTEN FREE ciLFil e RcQLATE PEANUT CARAMEL FLAVOR 154 Ju Htit CARAMEL
3,109254,https://m.media-amazon.com/images/I/51NNyPYohuL.jpg,523149,item_weight,2.2 gram,"2 # &2 > 24: % 2.2 g 1e10 : RtwFIE, 4A!i+ibz, WALAIEiscHi*JXt! Name 2 mm"
4,96686,https://m.media-amazon.com/images/I/51K8zUa5T1L.jpg,658003,item_weight,62.0 gram,"Peso Netto (g): 62 , 00 H Altezza (mm): 24, 00 d1 Diametro esterno (mm): 215,00"
5,89614,https://m.media-amazon.com/images/I/61EJ30GOtoL.jpg,630869,item_weight,16.0 gram,316L Stainless Steel Weight 16g High Polished Surface 1 8mm
6,66970,https://m.media-amazon.com/images/I/51Vhbg7qFDL.jpg,630869,item_weight,12.0 gram,"Smm/(0.2"") Material: Stainless steel Weight:12g 1"
7,2417,https://m.media-amazon.com/images/I/71QBpM5AjbL.jpg,929999,item_weight,330.0 gram,Tal Oljljles Rquch Spin Galntsn Gol] Swwg OEE
8,105875,https://m.media-amazon.com/images/I/71NqdfoTJyL.jpg,375816,item_weight,2.0 gram,"B ciigar Sugar free frec 39 Nies OW Gocelate ICAN calorie FL ~FLAVOUR ANl INSTANT BEANiES COCONut BEANiES NONUTS CHOEoL Ow 'VECAN calorIc #PASPBEPRL BeaNiES Gugar FLAVOUR Donura INSTANT MAPLES COFFEE HOw VECAN (calorit Fudee ""ELAVOUR FNSuN 908783"
9,59181,https://m.media-amazon.com/images/I/81W+p-AC2BL.jpg,810266,item_weight,20.0 ounce,"DIRECTIONS FOR USE Ch Anytime you have that ""Fu kAround And Find Out"" IBi feeling from a Bi ch. Hoe, or Thot, simply stand back and spray that bi ch in the face until are gone_ The crisp fu k off scent will linger long after that bi ch be gone NOT FOR USE ON CHILDREN: Having issues with tiny assholes? Try our nappy time sprays & foggers. THOTS OF & Bl 'CHES WHERE TO USE Bi ch be gone can be used anywhere, Home, office, DONT TRY ME cars, stores, and anywhere you need a bi ch to be gone: Need something stronger? Keep watch for our new SPRAY ""Bi ches get stitches"" line of portable cleaning items_ ELIMINATES Works Great For HOES Bi ches *Hoes"" Thots*Karens""Sluts""Wenches*Skanks Dumbasses""Pricks""Di ks""Assholes""Scumbags Douch Canoes"" Thundercunts"" Twatwaffles""Sh t heads Micro-managing Bosses""Lazy-ass Supervisors* Annoying Customers""Petty Exes""Narcissists* Snobs Active Ingredients Water; Alcohol; Dash of no fu ks given; Side eye, STFU Pepper; Eye rolls, Yolo no 6. No patience, Acid 543, GTFO 420, Red no 40 k Off Scent NET WT (01)95012345678903(3103)000123 20 0z they begone 999%. KILIS = Crisp Fu"
10,29299,https://m.media-amazon.com/images/I/614QuN-aYCL.jpg,881883,item_weight,230.0 gram,Woven in three layers Material: 100% Polyester Weight: 230 hole diameter 6cm 4cm g/m2
11,128939,https://m.media-amazon.com/images/I/71Zs4fOVa1L.jpg,654649,item_weight,2.4 gram,App-Fernbedienung und Fernsteuerung NeX Qzev M DUAL CONTROL MODE 24G REMOTE CONTROL APP REMOTE CONTROL MODE ODo 08 Goe0 Shevet 023
12,109810,https://m.media-amazon.com/images/I/81zm1GVN6wL.jpg,558374,item_weight,19.7 ounce,"LolliPoe DULCES MAcizo Tt G(6 FLAVORS: PEACH SABORES; LOLLIPOPS PALETAS 40 LFTLECHICKEN POELITOASADO Disenot WE 19702 MADEIN ngistd NET 560, HECHO ErtexIcO cMDt HaRD; ACIDULADO CARAMELO acioulated LE AVBRO ALvBrO otillo PaLETA AND PINEAPPLE' DURAZNO PiNA PIECES PILI- (1,28lb(  NET MEXICO CONT"
13,20579,https://m.media-amazon.com/images/I/61-6Pa3DUlL.jpg,801837,item_weight,"[25.0, 35.0] kilogram",size Geeignete Hohe Geeignete Gewicht S 120-145cm 25-35kg M 155-168cm 45-60kg L 170-175cm 60-70kg XL 175-180cm 70-80kg XXL 180-185cm 80-90kg XXXL 185-195cm 90-110kg #7
14,743,https://m.media-amazon.com/images/I/614aBp6QwxL.jpg,299791,item_weight,6.9 gram,Eight sizes of the chain: A.35cm (14inches) Net weight:6.9g B.A6cm (18inches) Net weight:9g CSIcm (ZOinches) Net weight9.Sg D.5Scm (2Zinches) Net weight:1Og E.61cm (24inches) Net weight:11g F.66cm (26inches) Net weight:12g G.Z1cm (28inches) Net weight:15g H.76cm (30inches) Net weight:16g High Quality Black Plated 3mm(O.1inch) [ ( H
15,52994,https://m.media-amazon.com/images/I/61q588ra9kL.jpg,308856,item_weight,1000.0 gram,P R E M | U M 0 U  [ | T Y NATUREFOOD Palmon &ilets SAUMON ~WtenFrss LacHS 100% TfoDonal 9reider? ` 9 7.0 5 A L M 0 N '1OOOg €
16,48430,https://m.media-amazon.com/images/I/61S67pg7hBL.jpg,152057,item_weight,500.0 gram,"Resealable and pouch yourhealthstore co uke eat better; feel better 100% Pure Cheddar Cheese Powder 500g Nutrition Per 1002 Informnation Calories s50kcal Fat 41S8 Carbohydrates 0.58 MADE IN of which sugars BBRITAIN Protein 37 S8 Fibre Salt 2.58 Ingredients:100te Pure Cheese Ponder (milkl For cheete pant butter, pant milband 1 PJn Cneese Powider (you can ajdsh pepper) ina SJucedin; TcoliO just belo n* boiling point, hold the Tmonnrae on the for 5 minutes hist surng KOQI9UXZ01 whiking untl tnc powder iull dsoked For cneese yourhealthstore 10D-? _to (Recyclable Pouch) dip mix in *ith sour creamor voghunt; For Macncheese New mu 1 pan potder #Ith parts VeBhurt Jnd mit wth 225 Or_sprinkle on 5host Popcor 100% PREMIUM NON GMO NATURAL QuALITY recyclable nd heat 8 the See"
17,52856,https://m.media-amazon.com/images/I/714d9LgqFyL.jpg,731432,item_weight,87.0 gram,"MSM, Vitamine €, Zinc et acides amines Poids Net : 87 g Pour les femmes enceintes ou allaitantes, prendre Vavis dun professionnel de sante .  Tenir hors de portee   des   enfants   Conserver d   temperature umbiante. Ne pas utiliser si |opercule du flacon est monquont OU endommage. A consommer de PEAU, preference avant fin et lof No voir sur le haut du Hlocon. Ne pas depasser la dose journaliere.Solgare est une marque deposee. CHE Les   complements  dlimentaires   ne   peuvent   etre utilises comme substituts d'un regime alimentaire varie ef equilibre et d'un mode de vie sain. Solgar's KOF-K certification #K-1250 CONVIENT Solgar est une marque deposee. Fabrique par Solgar UK SA Solgar (U.K.) , Herts, HP23 SPT Pour NHS France 34-40 rue Guynemer 60 C 92130 Issy-les-Movlineaux 1735/40865 COMPLEMEI SXFRB4213 02B"
18,53533,https://m.media-amazon.com/images/I/717r4wdsHBL.jpg,844474,item_weight,6.0 gram,A K GEEE 4er Kaun AREA
19,112716,https://m.media-amazon.com/images/I/81yMoafS-8L.jpg,308856,item_weight,100.0 gram,"7 92 02 mit + * * + di di de 6X de + + EDEDDODOE 2137Z~ ADUL 7 DD>Y Putc BruST }yrlsncben= "" Ead TuTXER Rrsuicr Iic { RDDCOD btt= 4bikogd 4mixed 28 LOD 739* DiDo #icc Obipde KrIO2n 3272,/442727 pc{ID DOjIIDt 242 poio powic 8B2 BeBcs animonda animonda JEINSTEN VOm (EINSTEN VoM ADULT ADULT Pute, Hihnchen - Hihnchen - brust Krauter Krauter Pute; Seflenerkern It brust mit = ( Schlemitnerkern herbes kruiden breast with  Turkey, ' erbe chicken _ met Ynwitrvordklag kippenborst chicken Kalkoen, herbes breast ""pollo con 'T00ge kippenborst Tacchino,- Turkey; poule herbes avec petto Kalkoen; dinde, with  petto kruiden poitrine . Tacchino; poitrine pollo met , erbe poule 'dinde; con= herbes avec 6x100g e"
20,42280,https://m.media-amazon.com/images/I/71IlZAnNq7L.jpg,281678,item_volume,8.0 fluid ounce,ORGANIC CHAI BREWING INSTRUCTIONS 205'F 8 fl oz 5 min Heat fresh Pour water over close to this (preferably sachet in cup: steep time for flavor: filtered) water. CAFFEINE GUIDE 40+ mg Values are based on an 8 fl oz serving and 26-39 mg reflect our standard 16-25 mg brewing methods. A standard 8 fl oz 1-15 mg coffee contains CAFFEINE-FREE 150 mg caffeine. Stay optimal drip
21,14369,https://m.media-amazon.com/images/I/716L4I-O08L.jpg,254449,item_volume,250.0 millilitre,"0oooo 004-012020 Nahrungserganzungsmittel mit Calcium, Vitamin D3 und SiBungsmitteln. *Calcium wird fiir die Erhaltung normaler Knochen und Zahne benotigt  Vitamin D3 tragt zu einer normalen SUNLIFE Aufnahme und Verwertung von Calcium bei. Verzehrempfehlung: 2 x taglich eine Brausetablette in einem Glas Wasser (250 ml) auflosen und trinken; Auf die Einnahme weiterer Calcium-haltiger Nahrungs- erganzungsmittel sollte verzichtet werden. Die angegebene 3 empfohlene tagliche Verzehrsmenge darf nicht uberschritten werden Nahrungserganzungsmittel sind kein Ersatz fur eine abwechslungsreiche und ausgewogene Ernahrung und eine ausbedahreerensweise Auber Reichweite von Kleinen Kindern 1 3 Zutaten: Sauerungsmittel: Citronensaure; Calciumcarbonat; ESZ& orBangsroneeur rCholecatoreeoind J 1 Farbstoff: Riboflavin-5'-phosphat; Nahrwerte: pro 2 Tabl: (8,0 g) pro 100 g 2 Energie 65 kJ 815 kJ 16 kcal 194 kcal Fett <0,1g9 <0,19 davon: gesattigte Fettsauren <0,1 g Kohlenhydrate 2,6 g davon: Zucker <0,19 EiweiB <0,1 g Salz 0,60 g 7,54 9 Zusammensetzung: 2 Tabl. (8,0 g) NRV* Calcium 800 mg 100 % Vitamin D3 5,0 pg 100 % NRV = Nahrstoffbezugswert gemab Lebensmittelinformationsverordnung Geschlossen, trocken und vor Warme Zitronen- lagern. Mindestens haltbar Limetten Ende: siehe Boden Geschmack Inhalt: 20 Brause- tabletten = 80 g SUNLIFE@ Produktions- und Glutenfrei Vertriebsgesellschaft mbH Laktosefrei 20 Schierbusch 3, 33161 Hovelhof - Germany Zuckerfrei Brause- WWW sunlife-vitaminede tabletten pro _ Besehdets"
22,130692,https://m.media-amazon.com/images/I/51MlCLd0MOL.jpg,369753,item_volume,5.5 ounce,D R M T L G Y M E D | C A L G R A D E S K | N C A R E P U MPKIN ENZYME MASK RENEW exfoliatellhydrate 5.5 0z / 156 g
23,115776,https://m.media-amazon.com/images/I/81bZIWKjxfL.jpg,884560,item_volume,284.0 millilitre,"NO NO NO CONDENSED Soup SOupE CONDENSEE CONDENSED Soup Soupe CONDENSEE CONDENSED Soup SOUPE CONDENSEE CONDENSED Soup SOUPE CONDENSEE NO NO CONd SOUP SOUPE CONDENSED Soup SOUPE CONDENSEE "" CONDENSED Soup SOUPE CONDENSEE "" CONDENSED Soup SOUPE Sans tid NO NO NO No ARTEGH CONDENSED Soup SOUPE CONDENSED Soup SOUPE CONDENSED Soup SOUPE CONDENSED Soup SOUPE CONDENSEE Sans Sans Sas Gampbdb Ganpbdli Gras Ganpbeli Nind Gampbdl Nind TOMATO TOMATO TOMATO TOMATO RICE RICE RICE RICE TOMATES TOMATES TOMATES TOMATES ET RIZ ET RIZ ET RIZ ET RIZ 284 mL 284 mL 284 mL 284 mL 5LEcISTEd SeRng SuceSTEd SeRNg precentatcns ceree SuceSTEd SeRNg precentatcns ceree QESTED SERMNS ) ARIHEK ) ArTieI ) ARTHFCI ) ARIHEKW COLoUSC colouso COLoUDSC CoLourso FLAVODS FLAvoUR FLAvoE5 FLAYODS Sans , coioriv AROk Artificed 2 ARTUeKI  ) ArTIFYU ) ARTIFKU artIeii CoLoursd coiova COLoups ColourS: CONDENSEE CONDENSEE[ ENSED Flavodss FLAvoUR FLAvoUR FLAvoErs coiovit ARTIFITES| 2 ARILEKW  artIeii )ArTIFKW COLoups COLoups CoLoUpSC coloursc CONDENSEE CONDENSEE CONDENSEE FLavous flavo5s FLAODS Flavous Sik coiozit coiora coioruv coioruv Artaz ARTIFITES| ARTIFITES| ARtIfICIED  PaEceNtanCnslkcere Pnhtavntr#"
24,127428,https://m.media-amazon.com/images/I/61vgSGw2X-L.jpg,254449,item_volume,4.0 fluid ounce,"SOvEREIG N SILVER Since 1999 BIO-AcTIVE SILVER Lpkbcp HYDROSOLM Daleict The Ultimate Refinement of Colloidal Silver"" Kalt DAILY+ IMMUNE SUPI SOVEREIGN 10 PPM Sertiosd SILVER VEOHNCROSoL"" Utimate Rcfincracnt ot ColloAl Srr DAILY + MMUNE SUPPORT"" 10 PPM DIETARY SUPPLEMENT 4f02 118 mL Dropper - Top"" DIETARY SUPPLEMEN"" 4fl.oz./ 118 mL MMME Da banbera Mtrtnnau Utnabhna Etbitr VER SIL"" Sosive"
25,103915,https://m.media-amazon.com/images/I/31eXwPch0TL.jpg,625842,item_volume,250.0 millilitre,ROYAL BLIS s Zero AZUcAR ToniC WATER 25Oml
26,3095,https://m.media-amazon.com/images/I/61NLjwkWuhL.jpg,373285,item_volume,0.9 litre,"SANBENEDETQ S ZERO ZuccheriAcciunti ARANCIA e ARANCIA ROSSA Uoto DERODIZONE E DA COMSUNARSI PREFERIBILHENTE EXTRO L: ( VeDEEMYdCLIUoNI DOTTIGLIA Ejo ETICHETTA Ka kncraesan Denedetio Spa Viake Kernedy 65 30057 Scorze [VE)-Iala Daectrerein uoqp asciulto e pulito, riparo dallaluce solare e da fonbid EUte Dopo Iepertura prodolto consenra frigo per 23 [vanbale depesllo sul fondo dovuto alla presenza del succo Prima df Kaiue _ Hqiare b  boltiglia Conlezionato atmosfera   protettiva Kbolielo in ambienle esettico Senza conservanti WWW.sonbenedetto it SENZA GLUTINE) 0,90L Zue Succoso) WUMunm qiami Aruc"
27,71739,https://m.media-amazon.com/images/I/710mb1wSiLS.jpg,373285,item_volume,32.0 fluid ounce,Tahiti Trader TARTCHERRY organic juice concentrate USDA ORGANIC PURE UNSWEETENED 100% 32 FL OZ (946 ML) CERTIFIED NATURAL
28,106603,https://m.media-amazon.com/images/I/5116r3GjWML.jpg,916768,item_volume,1.9 litre,Package Include 2 * 0.5L 4.13in 1 * Tall Container 2 * Mesium Containers 1*1.9L 2 x Small Containers 4.13in 2 x Mini Containers 5 2 * 1.2L 4.17in 2 * 0.8L 4.17in 5 3 3
29,72438,https://m.media-amazon.com/images/I/71d2-HL+9QL.jpg,459516,item_volume,15.0 millilitre,"Teo Yatura prodotti da agricoltura biologica Benefici: CHIUDERE  Depura I'organismo Elimina le tossine 'ISm 7rodi Kapertuna Huduho dev2 eisere Jn: Sutluf dtuna Teoatura Favorisce la digestione Laa epu_l | don ele 'cqudlbree E1erga D7 NI"" 458 ethyl 1 Guiwe ""WFa Vared and Antiossidante naturale CaVC V tn tk ALOE Qua Ersatz fuF ierial"" W Doss ARBORESCENS de ati . BIOLOGICA rt Immunostimolante Ideta Con miele Avec du miel With honey Vdllada mit Honig Con miel Ewege SINERGIA 1 $ BIOLOGICO BIO ORGANIC- BIOLOGISCH - BIOLOGICO Disintossicante iovdal aDuetonselee: vetrinetateun J0 aetelteualox ""eln_d SodEeKep"" Rdd"" 42 8 I Aia (Gcoe Eorl 'Prodckt Jsitn 6tor Otuad ""bi 0rt= 27C ""arwe Menohes Frcle t Kzuko Hg2nk Fxnwng 3f"
30,61675,https://m.media-amazon.com/images/I/81L0XwwHDpL.jpg,916768,item_volume,3.0 cubic inch,won Umad ZU HTIW Oviaojwv AUO OMIaAHZ 907 pliw3 8 nlol
31,5837,https://m.media-amazon.com/images/I/71Gy0Bf5ftL.jpg,459516,item_volume,2.0 fluid ounce,BENEFITS OF BERBERINE HEALTH PROMOTE LIVER & HEART HEALTH SUPPORT IMMUNE SYSTEM SUPPORT CARDIOVASCULAR HEALTH Beworths BERBERINE LIQUID DROPS HELP IMPROVE MOOD ( HERBAL CoMPLEX 10 IN 1 ) KIlK THISTLE+ CINNLAMON+BITtle MelOM Support Immune Heatth Support Heart Wellness Support Digestion Healt PROMOTE DIGESTION SYSTEM Support Overall Health MeGAN Glutex Free Guofree 2 FL0zi80 ML dietary SupPLEMENT BALANCE BLOOD SUGAR LEVELS
32,70013,https://m.media-amazon.com/images/I/81rLgy2RdmL.jpg,459516,item_volume,0.42 millilitre,"REDUCE S10X Supplement Facts CLIMATE Serving Size: 0.42 mL (3 sprays) POSITIVE Servings Per Container: 142 Amount Per Serving Proprietary Blend_ 0.42 mLt Fresh Agarikon (Fomitopsis officinalis) mycelium extract + Fresh Reishi (Ganoderma lucidum s.1.) mycelium extract t Fresh Chaga (Inonotus obliquus) mycelium extract + Fresh Birch Polypore (Piptoporus betulinus) mycelium extract + Fresh Turkey Tails (Trametes versicolor) mycelium extract + tDaily value not established  #Certified Organic Other ingredients: water; alcohol + (alcohol content: 25-35%), myceliated brown rice +, peppermint essential oil + OUR To CARBON ZERO  4 ! {"
33,125273,https://m.media-amazon.com/images/I/71l6W39OI0L.jpg,459516,item_volume,50.0 millilitre,"IMMER DIE RICHTIGE WAHL, ENTSCHEIDEN SIE SELBST! SETIT RUTRIT H FCK-Nl S4TIT WUTNITOT OW [FCK-NOW JELAY SPRAY HNLICHE DELAY SPaAY AHNLICHE RODUKTE PrODUKTE 50_ 504 7u7 FFEMUSTAN FCK-NOW AHNLICHE SPRAY PRODUKTE SCHNELLE WIRKUNG DAUERT OFT ZU LANGE Volle Wirkung in kurzer Zeit Wirkung kann schwanken: HOCHWERTIGE INHALTSSTOFFE OFT MINDERWERTIGE INHALTSSTOFFE Premium Formel / Gepruft Kann Rotungen/Juckreiz ausloser 100% NATURLICH & REIN OFT MIT REIZSTOFFEN VERSETZT Allergien konnen entstehen Ohne Chemie oder Zusatze MEIST PULVER ODER PASTEN EINFACHE ANWENDUNG Schwer zu dosieren oder ZU Schnelle und anhaltende lange Vorlaufzeit Ihaltsstotfenk hochdosierter"
34,47248,https://m.media-amazon.com/images/I/61KPRvZi7QL.jpg,916768,item_volume,1750.0 millilitre,"'2in ""3 1in7o_ 9.7cm 8cm 3.8in 3.1in Small 85OML medium) 1750ML 16 11.5cm 4.5in large 3300ML 5cm/5.: 18.2cm/7 5cm/4. 15.5cm/6 1 3in 1in 22.7cm/8.9in Scm/6. Sin"
35,97664,https://m.media-amazon.com/images/I/71VbyiL55TL.jpg,884560,item_volume,200.0 millilitre,"EASY TO PREPARE 1 SACHET 1 OF MERITENE 200m| 2 OF WATER; MILK OR PLANT-BASED DRINK (E.G, OAT MILK) STIR 3 OR SHAKE THOROUGHLY"
36,15427,https://m.media-amazon.com/images/I/71yLa6P2u5L.jpg,459516,item_volume,2.0 fluid ounce,"Q HERBIFY EXTRAC ALFALFA ORGANIC GRASS INGREDIENTS EXTRAC MULBERRY LEAFA INTERNAL JRT HERBIFY PRdUdly PROduCED IH THE USA MME PuRE BOTANICAL MIx DEODORANT WHLOROPHVLL otta 6,000 MMUNITY BOOST"" POWERFUL detoXIFY"" NATURAL cleanse"" Natural mood booster DIETARY SUPPLEMEHT 2 FL. 0z (GOML] that improves your lifestyle Mg"
37,109636,https://m.media-amazon.com/images/I/71AtinNcoxL.jpg,459516,item_volume,450.0 millilitre,"PURE-LE ORGANIC LIQUID GREENS IS EASY TO USE PURE-LE ORGANIC Liquid Greens Chlorophyll(e) MIX 1 TABLESPOON GHc Living Energy IN YOUR FAVORITE DRINK, THEN Energie vivante DRINK AS YOU LIKE detox Alkaline Antioxidants Energy Alcalin Antioxydants Energie FEEL THE ENERGY SPEARMINT MENTHE VERTE SUPPORTS SOUTIENT pH and Tequilibre du pl energy et ravive |'energie SUPER CONCENTRATED mL SUPER WWW.PURELECA 0 ""otogiove? 0 balance boosts 450 CONCENTRE"
38,113913,https://m.media-amazon.com/images/I/71OwNcnVv0L.jpg,373285,item_volume,46.0 fluid ounce,"AD UeSs OF JHAH COMBINED SERVINGS WUkce 2 VEGGIES & V8 Mango IFHRU 'FLAVORED WITH OthER Natural e hOYW MLed oF 100% JUICE & FRUIT JUICES & purEE FROM 254 'ZING , ANTIOXIDAHTSaX( WITh , 'SUGAR Leading FRUITt BrANDS"" Peach 7H41 4 flavoRS NATURALLY E 2 INGREDIEHS F5 VEGETABLe € {added [ WITH / | CONCENTRATe |"
39,16967,https://m.media-amazon.com/images/I/71VfBbDkjCL.jpg,459516,item_volume,1.0 litre,"N? CLAV STRONG 32 INGREDIENTS PORTION 3 CAPSULES PORTION PAR RECIPIENT 30 PORTIONS QUANTITE PAR PORTION % DE LA VALEUR QUOTIDIENNE EXTRAIT DE GRAINES DE FENUGREC 480 mg DONT SAPONINES 240 mg POUDRE DE FEUILLES D'ORTIE 450 mg EXTRAIT D'AIL NOIR 300 mg L-ARGININE 300 mg 6 POUDRE DE CORDYCEPS SINENSIS 150 mg EXTRAIT DE MACA NOIRE 150 mg ZINC 10 mg 91% EXTRAIT DE GINSENG 60 mg DONT GINSENOSIDES 4,8 mg 1 SELENIUM 55 ug 100% EXTRAIT DE TRIBULUS 30 mg DONT SAPONINES 27 mg L-HISTIDINE 15 mg fVALEUR QUOTIDIENNE NON ETABLIE INGREDIENTS EXTRAIT DE GRAINES DE FENUGREC, POUDRE DE FEUILLES D'ORTIE, AGENT D'EENROBAGE HYDROXYPROPYL METHYLCELLULOSE, EXTRAIT D'AIL NOIR 10:1,L-ARGININE, POUDRE DE CORDYCEPS SINENSIS, EXTRAIT DE MACA NOIRE 10:1,ZINC, GLUCONATE, EXTRAIT DE GINSENG, LEVURE DE SELENIUM, EXTRAIT DE TRIBULUS, L-HISTIDINE: SANS CRUAUTE NON-GMO Joo% VEGAN DURABLE"
40,120207,https://m.media-amazon.com/images/I/71ScuystREL.jpg,271537,voltage,12.0 volt,"~ol 4 828 Ja {Bool/h ""BLK"" 4e: int;"
41,66513,https://m.media-amazon.com/images/I/51u-80qlwML.jpg,271537,voltage,20.0 volt,"SERIE DOMO VX CARATTERISTICHE FUNZIONAMENTO 50 Hz Ooou 2630 e ISO 3306.2012 Grece33 Lmp MEI O@S gcmi DoozvX DOYO DOYO Olanl enan TABELLA DI PRESTAZIONI IDRAULICHE LUeTun TLIEAA ~OUR HTMEV4E Zro hermuci OnAca cco7 Sum Oud Un 37o15 SIlBla Bo| 78 L48 I Joliod 104 107 ~Ed T d TaRELLA DATI ELETTRIC Iurinen Lotehoe ""rnbhe cotneheltei Fotlta Ccnneene coineute Lecee Cden Leee Cdeaa Oetni VCYEEE RAAE Aay 284D n-e 0,/4CAII/491 60ie DSMD A -ctld /1 I0 /hlzah/u 14544471 WLd| Uaa Datdc Dat Inin"
42,77043,https://m.media-amazon.com/images/I/61m3-HGEaXL.jpg,983323,voltage,5.0 volt,"High quality PBT material High brightness LED, and SV ARGB control"
43,9128,https://m.media-amazon.com/images/I/71SuNO+qglL.jpg,179080,voltage,48.0 volt,DOUBLE SAFER RIDING FronttRear Double Braking (0 180m Double Disc Brakes 0 Power-on Brake Lights E0 48v Headlight 1Om Collective 1
44,2458,https://m.media-amazon.com/images/I/51tVIBwP4pL.jpg,709627,voltage,43.0 volt,"~ INy Nom 0 8 70 23 308 4S 89 3v 28 4 8 IS Q au ""Onlp US ( Annnan AAINSOZHS YEAR Wnn)/ lung Secondary Lixion / 29SOIVETNAMCo Lu ~Model/e ~ASSEMBLEAUVETM Bareryu Di0 Rated Capaoty / nVotagelei e Typcal Capaoty E8-BNZZQABY , {06/8632/44/- IEzz, 1043 ~A50Uman , 70804 732 117.37Wh / 186v=F ,4370mAn 66 1e0a4 )96z/8} 0831241+-2014 '16 87Wn 45u.1588  )7inst eE4- Zui01s Warning 15C08 13366 Do nol disassemble € CQC) ] Li-ion 00 Wum C (€ Or teuse = #*rm, ctusn , : Authonzed Servce Prondert puncture '16046/ IEC 62133 Zag+860, R41015946 wwbis ? 'govin"
45,84854,https://m.media-amazon.com/images/I/71uJfU5HbUL.jpg,752266,voltage,5.5 volt,Battery:5.5v 2OOOMAh Charge by sunlight in the daytime Working at night for 8-12 hours 2-IN-1 One solar panel with 2 ground lights low voltage and saving power
46,31969,https://m.media-amazon.com/images/I/61w3c0P3wFL.jpg,752266,voltage,1.2 volt,PRODUCT DETAILS Built in AA6OOmAh 1.2V 17High conversion Tiger Ni-MHAAGOOmAh 1.2v ONIOFF Button Baltery mustbo recycled Or disposed ol propuly-Donotshertcrcuilor IP6S WATERPRROOF
47,111527,https://m.media-amazon.com/images/I/61h7RSVfgPL.jpg,709627,voltage,3.82 volt,"HU Aarrant> 43/Model?e He Gx4 IRaled Ca 1 YEARESC € R44 Typical C JREEIRaled Vollta Ccortiricoilon nurbtt cre [Raije E ILimited Xu100246-18065 HTT: GB 31241-20 VARRAN > 48uux 0b0-808-880} 42trenemili-ion Fe Ieizm 35 AERR IG #ERRA*# G*if_kkk Kbsra #matrigit @exxEKteh Warning Do nol disassemble, puncture; crush;heal; Or burn: Tol EMl,874,44l,pe 8t*1 DHAle. 6 #iotortrmliat**30v4<1th) #ARRAMAA ICP5/64/84 Technologles Co:, Ltd; 5 Li-ion O0 TEXe: SCUD (Fujlan) Electronics Co , Lld; #Dulia MADE IN CHINA 83112 IS 16046/IEC 62133 TIS 2217-2548 8 Technoloies (Thalland) Co , Lid. R-41026344 3, 82v Han WWWbis gov.in Wirhat#ii 8443154604"
48,13844,https://m.media-amazon.com/images/I/81DQR-mPayL.jpg,860821,voltage,"[14.0, 20.0] volt",LARGE CAPACITY BATIRY 1OOOOmAh Rechargeable Battery 4h Maximum Speed 24h: LCD Screen (Speed Level& Power Indicator) Minimum Speed Switch On/Off Speed Speed r Charging Port 923 14 USB Charging Outlet (age 27 in ~Zov Fata' Vode Kalt ~PD-106 ~DC 14-20v Gponere Isw ;Output SvAIa 36% charging remaining
49,37103,https://m.media-amazon.com/images/I/61w323QIMHL.jpg,271537,voltage,12.0 volt,"Outlet diam 19mm 3m power cable with switch #eE C€ 2 AnESCY MINI OILPUMP T voe 'Rn Ioln stoltn Cet 0nt Irmol 4int7 CodLengh C62 Stainless steel housing, rust-proof and corrosion-resistant Removable stainless steel filter for easy 12V cigarette lighter disassembly and cleaning DCIN"
50,74086,https://m.media-amazon.com/images/I/71Tp-wYAs4L.jpg,746096,voltage,5.0 volt,6 AMIENNA CABLEN Eellite
51,94973,https://m.media-amazon.com/images/I/61yJEy92olL.jpg,271537,voltage,12.0 volt,7S5E awjo PUMP 150ogph ID Hozo C€ 8 0 6 206-DD 1 J 1 2 459ce 3sna BILGE 29mm Guimljp Quieo j04 Noilinbi Voz:Xvw 1Vo74 4um adwnd ~ edwe = a3l23l04d- Jaze-vz-Zi 9) HJLIMs
52,116563,https://m.media-amazon.com/images/I/719DBXRh8hL.jpg,709627,voltage,250.0 volt,"'031 P R E M]U M t8 (431 Quco Ac Max the plug are the AC Flip any Do use only: Dry (€ ADAPTER ;usng "" NOTICE sure  Before voltage G4 T2SV ZW make Mium PR E Inotromovo CHARGER 'Usota Refer, ~serviceablo | covortorba emuice BATTERY 'parts = Cautioni qualitod servlge Insldo Do not disas5emble ! 50/60Hz ""Dry location ( 100V-240v '2oor 'us0 ( 'unit 'only Input 150mA Instructions: charger into contacts battery and Slide ensuring aligned: properly and prongs outlet: out household_ while RED 'shows full. into when indicator GREEN LED and charging unit: 'disassemble , not e location  Caution:"
53,28956,https://m.media-amazon.com/images/I/71xoIhDhxGL.jpg,641642,voltage,5.0 volt,"5.5CMIO. 18FT Short press to turn onloff; USB powered DC 5V, long press to dim the works with power bankl brightness from 1%-100% power station 1 With hook, easy to hang Removable bulbs 7.5M/24.6FT 14.6CM5.75FT 18OCM/5.9FT 44.4CMI1.45FT 85CM/2.78FT"
54,95503,https://m.media-amazon.com/images/I/61PT5Wphl1L.jpg,641642,voltage,5.0 volt,TOUCH CONTROL SWITCH FREE DIMMING Brightness +/- ON/OFF (Speed upldown) OFF ON 7color W jumpy change FLASH white fade out STROBE &fadein Static monochrome FADE 7color mode fade change SMOOTH 3 color jumpy Flexible Customization. ShaPE ANd LengthCAN Be AoJusted AS Needed . Convenient Cut Mark  TheCut PaRT Does Not EAK Licht Sifip CUTINGUnE base
55,126061,https://m.media-amazon.com/images/I/41pm2rIN1SL.jpg,271537,voltage,24.0 volt,2 0 H 1 3 38 Mi } 8 J
56,120774,https://m.media-amazon.com/images/I/61M38jzA5JL.jpg,271537,voltage,120.0 volt,"23 3.0 ipx8 7 SYNCRA 0414 Iz0vGoHI Fs Intertek 1 4000780 Tote Qirt I04 o' conont  MMd Li = Tocu ceRI*0 Jau At Vo LUTAnLI , EnAr Uud For [ F ~i7c _FE+"
57,25213,https://m.media-amazon.com/images/I/51j8iBHdfRL.jpg,271537,voltage,12.0 volt,BILGE PUMP 35OOGPH Ce 12-VOLT 14.OAMP 4Omm ID Hose MODELHYBP1-63500-01 CONNECTTO ONLY
58,121477,https://m.media-amazon.com/images/I/61Bos3EYnDL.jpg,648011,voltage,"[85.0, 265.0] volt",ProPOW AC85-265V 7W Yellow ProPOW ( €RoHs Fc AC85-265V 7W Yellow (€RoHs Fc
59,59255,https://m.media-amazon.com/images/I/915MaQnD6oL.jpg,709627,voltage,3.85 volt,"SAMSUNG SAMSUNG Near Field Communication Please refer to manual before using battery: CELL MADE IN KOREA, ASSEMBLED IN VIETNAM Veuillez consulter le d'utilisation BATTERIE FABRIQUE EN COREE, ASSEMBLE AU VIETNAM avant d utiliser la pile ENSAMBLADO EN VIETNAM / MONTADO NO VIETNAM Referez-vous au mode d'emploi WmWia avantd'utiliser la batterie. 3.85 V Li-ion BATTERY 3.85 V Li-ion BATTERIE 10.78 Wh Consulte 0 manual antes de usar a bateria. 3,85 V Li-ion BATERIA 3,85 V Li-ion BATERIA  10,78 Wh Por favor lea el manual antes de CHARGE VOL TAGE : 4.4 V / EM 3.85V M#TiF EEit utilizar la bateria iatciiznj #+5 |HJe. ( CEw NYCE EB-BGIOOBBE 2800 mAh 5450 SIN: AA1H51SFS/2-B ,113 #FAm: 2016.05.15 guide"
60,39950,https://m.media-amazon.com/images/I/71LIGSE+TmL.jpg,179080,wattage,750.0 watt,MORE POwER ZSOW BAFANG MOTOR TSow NM Rated Power Max Torque Max Mileage Limited Speed 750W 8ONM 50~62+Miles 20MPH 1
61,74343,https://m.media-amazon.com/images/I/61V3g5L5PzL.jpg,955292,wattage,1080.0 horsepower,Support 1080P Normal Full HD 1080P CabkDerom HDMI VGA
62,29028,https://m.media-amazon.com/images/I/71FZ39HkfML.jpg,318770,wattage,60.0 watt,Aluminum shell 10 00+ Nylon Braided Bend Lifespan Reinforced tail 60w 8
63,45405,https://m.media-amazon.com/images/I/51Nm9A58fHL.jpg,860821,wattage,5.0 watt,"kmart] 12"" TABLE FAN D Te Spccd Conirol e Qu Lole Supcr Quict Kotor Oscillation Function Saldnd Voltoge z30v-S0Hz Power LO sw kmart W owal de C kmart ""WLHN Dt n (Go(o? Kcco Aa MAthi Il "" O3ciuhoui"
64,76502,https://m.media-amazon.com/images/I/71QMaTpKvxS.jpg,955292,wattage,15.0 watt,Equipement applicable Swp AOwER MGk: POnea Ska UHF Female UHF Male RS-40 FWNGE FUNc 16Wcatn S1r poxer B Coaxial Switch C
65,114399,https://m.media-amazon.com/images/I/61bVFGPo2UL.jpg,752266,wattage,60.0 watt,HfNMLYENH Safe Wire Connection Quality E26 Base (6OW Max)
66,54000,https://m.media-amazon.com/images/I/71vq3vQ++PL.jpg,179080,wattage,750.0 watt,75ow 86Nm 7-SPEED 28 MPH HIGH POWER GEAR SHIMANO GEARING MAX SPEED 750W High-Power 86Nm Motor
67,32804,https://m.media-amazon.com/images/I/61r-aSqGwYL.jpg,752266,wattage,50.0 watt,NOT INCLUDED 51 Han 0 GUIOx2 MAX SOW Not included Nicht enthalten Non inclus Non incluso No incluido Nie uwzglednione Ingar ej Niet inbegrepen INCLUDED 220-240V on TPc: 50/60Hz off Tz-15 36mA 20.OOOx Ts45 369 IP2O Josme Cl: 1 Made in China C€
68,17045,https://m.media-amazon.com/images/I/61weT6VaLlS.jpg,752266,wattage,48.0 watt,Anwendungsbereich Leistung: Produktgroie: Innenbereich: 48W 030+50*3cm 10-15m2
69,24303,https://m.media-amazon.com/images/I/518M1NZZmRL.jpg,318770,wattage,66.0 watt,Compatible with all fast charging Support QC2.0 / FCP SCP and other protocols 66w 4OW Super fast charge} (Super fast charge ' 12.45 . ]e 85.69% 4 71 Bttr 13451h3 Cox 66w] Max 40W_ One line to solve all models
70,27699,https://m.media-amazon.com/images/I/81-z443vr0L.jpg,318770,wattage,100.0 watt,"THE URBAN GEEK 5A high current Significantly reduces charging time compared to standard cables M 6b 3 1OOW fast charging Enables rapid charging for a wide range of devices such as phones, tablets, headsets, power banks, and earbuds F1 esc dd $ 2"
71,66665,https://m.media-amazon.com/images/I/71cwxZkS1CL.jpg,752266,wattage,5.0 watt,153mm 6VISW Larger Panel rate up to 220%f ;
72,92412,https://m.media-amazon.com/images/I/81mrSCSyQbL.jpg,179080,wattage,350.0 watt,POWERFUL MOTOR HIGH SPEED & SAFE 36V 350W 19-20MPH 20 DEGREE Brushless Hub Motor Max Speed SLOPE 7158 Qurney
73,30013,https://m.media-amazon.com/images/I/710D8ZbgDZL.jpg,318770,wattage,66.0 watt,3A Charge Rapide Cordon Protect Your Devices From Overheating or Overvoltage Damage High Current QC 3.0 Protocol Safe Charging USB3.0 64.70s Msxoow
74,44238,https://m.media-amazon.com/images/I/719td4sJJLL.jpg,860821,wattage,25.0 watt,Battery indicator light Input:DC 12V 100% 75% 25% 50% 50% 25% Output:DC 5V Output DC Botton 75% 100% RECHARGEABLE FLOOR FAN Model:DFC-F1OR Output power.25W Input:100-240Vac 50/60 Hz 1.OA max 11.1V/1SOOOmAh  (Li-ion) MADE IN CHINA Fc
75,32428,https://m.media-amazon.com/images/I/61CR8ZTT4pL.jpg,318770,wattage,60.0 watt,The Latest 1O0W USB C to C Cable Ultra Fast Charging Latest 100W ! Upgrade 60W Regular 18W
76,2307,https://m.media-amazon.com/images/I/71CBQEm86TL.jpg,179080,wattage,250.0 watt,"20"" 36V25OW Front wheel Front fork open size:1OOmm Brushless toothed motor ""ihandiom"
77,90069,https://m.media-amazon.com/images/I/513Xe7HuUML.jpg,416664,wattage,0.3 watt,"Specifications: 1.5VV, 0.3W LED Qty: 6 LED Light color:; Warm White LED life: 50,000 hours. Or more Or Magnet Product Diameter: 3.15 in Thickness: 0.87 in Package includes: 6 x Motion Sensor LED Night Light 6 x double-sided adhesive p? 1 x User Manual Mounting: Tape"
78,29047,https://m.media-amazon.com/images/I/61v9ZCh-scL.jpg,179080,wattage,1000.0 watt,HNNTERRAD MIT BRUSHLESS MOTOR GABEL MINDESTBREITE 135MM 7 FREEWHEELS 48V 1000w LCD 280 0
79,1248,https://m.media-amazon.com/images/I/815ItNAU7kL.jpg,416664,wattage,3.0 watt,"Night Light Projector Product Diagram User Manual USB port Projector light Th 2h 3h Auto-timer indicator Rotation Power button Background light button Background light Auto-timer Package Content Name Quantity Night light projector USB cable User manual Product Specifications Press the button to turn on the projector Rated Power 3W light in red,and press it in turn to set R, 6, B Input DC 5V/IA R&G,R&B,G&B,RGB,and RGB color changing. Light source 3Pcs LEDs Rotation switch Projector light mode 8 kinds of RGB light Press the button to make the projector Auto-timer setting 1h/2h/3h light rotate slowly,and press it again to Lamp materials PC + ABS the projector light rotating: How to use Auto-timer Press once the button in turn to set 4 kinds Background light of timer: 1h/2h/3h/deactivating the timer, the The Background light can be used as an related green auto-timer indicator will be ambient light to accompany YoU warmly. turned on when the timer is set successfully, Power on dinosaur,Its chest will light up blue when the timer is deactivated,the auto-timer background light. indicator will be turned off. Power off dinosaur, The background light will be off. Press the background light button Caution YoU can turn on/off the background light. Do not use the lamp when the USB cable is frayed or damaged. Power on/off Do not touch the adapter or USB cable with Press the power button the projector light wet hands when using. turns on and starts to rotate, press the power Never overload electrical circuits to avoid button again, the projector light turns off and electrical shock or fire . stops rotating. Do not repair,disassemble or modify the lamp Projector light in circumstances. stop any"
80,84322,https://m.media-amazon.com/images/I/718VhIGgKaL.jpg,120219,maximum_weight_recommendation,25.0 ton,"rken 50 n "" ravak Chunky Iorato ""#ovz Roreted Tttto Feentil 'Aswava FHOVAa Chunlsy Totate 1 sic5 64 Baiant Tomat unky"
81,34477,https://m.media-amazon.com/images/I/711Lo5JpPwL.jpg,120219,maximum_weight_recommendation,30.0 gram,Nol Vonse Vonse Httio a` ITIERMALE Fqu Thcrmale to vo Oriln Jnt Autrio Avene
82,64530,https://m.media-amazon.com/images/I/71hHtpHw4DL.jpg,801829,maximum_weight_recommendation,120 kilogram,PARTS High Quality Nylon Base Easily Withstand Weight Upto-120 kg Heavy Duty Nylon Castor Wheels Class 4 Gas Lift with Cover Soft Padded & Fixed Arm Rest
83,96747,https://m.media-amazon.com/images/I/81ByoqUOdML.jpg,120219,maximum_weight_recommendation,340.0 ounce,Large Capacity Hold 19 bottles of 340Z toiletries Nm WJun Ifi ~d SEAWEFD SEAWFFD URANGL Kon 08 e Uid HTe SHAvFo: TC OCCITANE 4nnan 6 Hooks ICAldo) meraki Body Lot$ moraki JNtpe BODY L0 Flae Razor (Vae)
84,108177,https://m.media-amazon.com/images/I/71Fko2dwxrL.jpg,120219,maximum_weight_recommendation,5.0 kilogram,Hold up to 5KG | 11LB 6
85,53368,https://m.media-amazon.com/images/I/61zsZkERk+L.jpg,120219,maximum_weight_recommendation,1.0 gram,"Atnanks cne Euch great service. again. Onc You Onc Kovin, Peate] Briad Cocoa Bcachy san Yateo,"
86,101672,https://m.media-amazon.com/images/I/71-Not4fN7L.jpg,120219,maximum_weight_recommendation,1500.0 gram,Only Compatible for RAM 1500/2500/3500 2019+
87,33590,https://m.media-amazon.com/images/I/61oAdBFpyfL.jpg,171418,maximum_weight_recommendation,20 kilogram,PATIOFY (OMFOK T Al !(uk [(OKSEF Full Height Weight Holding 53 Inches Capacity 20 KG Width 20 Inches Depth 10 Inches Length 30 Inches
88,79815,https://m.media-amazon.com/images/I/71ON7bGJlwL.jpg,178958,maximum_weight_recommendation,11.0 pound,Sturdy metal frame for enhanced stability I4Kai JFm Each tier of metal shelf can hold 11lbs.
89,95525,https://m.media-amazon.com/images/I/71IFOlG5+rL.jpg,801829,maximum_weight_recommendation,135 kilogram,45.6cm Max load bearing 135kg 295cm 86cm 66cm F 41Scm 50.Scm 58cm 58cm
90,83154,https://m.media-amazon.com/images/I/61OE34I9tSL.jpg,969033,maximum_weight_recommendation,50 pound,"28"" 9 Petsion 36"" LG BED Great for Border Collies or simlilar breed and UP TO 50 LBS multiple small dogs"
91,119853,https://m.media-amazon.com/images/I/71+xQ9p-93L.jpg,120219,maximum_weight_recommendation,100.0 gram,"iprxami Vu Jlis: F2i;AAmic {rms"" Jisa"" ~consamioi 71339"
92,25995,https://m.media-amazon.com/images/I/71KopROv5WL.jpg,204245,maximum_weight_recommendation,440 pound,3 SEATER SWING Swing together for three times the fun hir Patio QQO Backyard Garden f Weight Capacity: 200kg/440 Ibs Swimming Pool
93,100884,https://m.media-amazon.com/images/I/71FWXCDiNML.jpg,156839,maximum_weight_recommendation,55.0 pound,Heavy Duty Steel Rod 28mm 25mm 55lbs 28mm
94,64888,https://m.media-amazon.com/images/I/71seLYzGiJS.jpg,204245,maximum_weight_recommendation,200 kilogram,Shape: ECO D-Shape FRIENDLY PRODUCT Weight Holding Capacity: 200 Kgs Material: Nylon Ropes with Sturdy Frame Features: Eco-Friendly & Skin - Friendly Quality: 100% Natural & of high quality
95,66475,https://m.media-amazon.com/images/I/81YElYMz7CL.jpg,751532,maximum_weight_recommendation,225 pound,"12"" 35.5"" 61.5"" 10.5"" 78"" 41.5"" Weight Limit Lower Bunk: 225 Ib Weight Limit Upper Bunk: 200 Ib."
96,82489,https://m.media-amazon.com/images/I/61+kqvH70GL.jpg,704724,maximum_weight_recommendation,100 kilogram,DURAFIT ORBIT BIKE OBMOI MAX USER IOOKG WEIGHT ADJUSTABLE RESISTANCE
97,21541,https://m.media-amazon.com/images/I/71ZORLWUT5L.jpg,801829,maximum_weight_recommendation,330.0 pound,Solid Wooden Legs Smooth wooden surface Strong & lasting 330LBS weight capacity long
98,116335,https://m.media-amazon.com/images/I/41IhkUBUEDL.jpg,120219,maximum_weight_recommendation,100.0 gram,"313 X zPly White 0x Andarta"" simplysmart Towel V-Fold Hand Embossed TTMM"
99,125127,https://m.media-amazon.com/images/I/71ipEURTAvL.jpg,120219,maximum_weight_recommendation,40.0 pound,"Product Advantages ""aelt Strong adhesive Bear LOLB weight Anti-rust Custom height 4"
100,249362,https://m.media-amazon.com/images/I/51FF-opkDFL.jpg,802198,height,110.0 millimetre,37mm- 4Omm I6mm 11Omm 4mm 70mm ~6mm
101,256143,https://m.media-amazon.com/images/I/41kgxO3bUCL.jpg,302672,height,12.0 centimetre,12cm(4.7inch)
102,257674,https://m.media-amazon.com/images/I/61DjRW7fTXL.jpg,866516,height,7.0 centimetre,7 / Cm
103,253078,https://m.media-amazon.com/images/I/51PrBK+tuzL.jpg,877667,height,17.0 centimetre,6.7in/17cm 4.3in/11cm
104,149175,https://m.media-amazon.com/images/I/41p45P7f3xL.jpg,752266,height,48.5 centimetre,35 cm 48.5 cm 07.5 cm n V 80 V 3 cm 6 cm 3 I J 2.6 cm
105,243350,https://m.media-amazon.com/images/I/51o1HVbwt9L.jpg,844474,height,47.0 centimetre,PRODUCT DETAIL Item : BG-7267 Material: TPU material Name: Bange Business Size: 47cm x 3Ocm X 1Scm Backpack Color: Black. Gray Net weight: 1.37kg 47cm 15cm 30cm
106,227653,https://m.media-amazon.com/images/I/51lu47DtQFL.jpg,263982,height,35.0 millimetre,35MM  9OMM Conie
107,233826,https://m.media-amazon.com/images/I/51w+rcxtuRS.jpg,949192,height,40.0 centimetre,Size Information 40cm/15.75in 2.9cml1.14in 1 6
108,237044,https://m.media-amazon.com/images/I/616Ck9c1ZpL.jpg,478357,height,40.0 centimetre,"/ 15,7 inch 40 cm 24,4 inch /91cm 62 inch cm 35.8"
109,159135,https://m.media-amazon.com/images/I/51VVEulParL.jpg,175315,height,78.0 centimetre,"Groke XXL ca.78cm Farbe Pinkrosa Material Polystyrol, Nylon Fillmaterial Polystyrol"
110,250527,https://m.media-amazon.com/images/I/416clmi8REL.jpg,864320,height,8.3 inch,"8 5' 3 2 3 6,3 in / 16 cm"
111,255687,https://m.media-amazon.com/images/I/51C4J1vt+sL.jpg,141308,height,21.0 centimetre,21~26CM 36CM 24CM
112,232388,https://m.media-amazon.com/images/I/615ZxjvCT7L.jpg,312608,height,50.5 inch,"27.5' 50.5 23 Full Size 54"" Queen Size 60"""
113,233616,https://m.media-amazon.com/images/I/61+Z14fwhoS.jpg,801829,height,43.3 inch,"27.1' 43.3 5.5"" F-- 2 F 8 20.8' 3 28.3"" 31.8'"
114,241062,https://m.media-amazon.com/images/I/41cqncf34sL.jpg,470067,height,6.8 inch,6.8 in 17 cm
115,232021,https://m.media-amazon.com/images/I/51SRfBgk42L.jpg,810266,height,9.33 inch,3.9in 1. - 11.7in 4.1in 9.33in 3.1in 2.8in
116,225425,https://m.media-amazon.com/images/I/51Nhy19jOIL.jpg,571756,height,360.0 millimetre,Perfect size for your kitchen HOM 2OOMM 1 1 D: 38MM
117,262115,https://m.media-amazon.com/images/I/51T93MFY-QL.jpg,746096,height,32.0 inch,"32"" TOSHIBA HDR' WMMERSII FULL HD SMART TV Usb RECOPLAY prime video NEtFLIX Wi Voulube ~toskina"
118,254860,https://m.media-amazon.com/images/I/617PTC3al2L.jpg,452717,height,9.68 inch,"2.83 "" 9.68"" 17.5"" L_l Coat Strap dress Sweater Shirt 1.77"" 3"
119,233307,https://m.media-amazon.com/images/I/61DOiB+xiXL.jpg,558806,height,9.5 centimetre,11.5cm 93 3 Xit 3 1Pcs 1Pcs 3 ; IPcs IPcs
120,197531,https://m.media-amazon.com/images/I/613h1gmpd5L.jpg,734280,depth,6.0 centimetre,6cm 0
121,219877,https://m.media-amazon.com/images/I/613ZPohxTCL.jpg,139652,depth,20.0 inch,"HITC -MOUNTED CARC CARRIER Carg Bag Straps RELIABLE Can be used on many vehicles,trucks&truck beds for a safer way of transportation"
122,205784,https://m.media-amazon.com/images/I/51K2xGVrw3L.jpg,365756,depth,24.0 centimetre,75-115cm 12cm 3cm 24cm
123,192051,https://m.media-amazon.com/images/I/613SgsLJd0L.jpg,141308,depth,18.0 centimetre,1Icm 7cm 0 18cm 1Ocm
124,185936,https://m.media-amazon.com/images/I/617ZUFe2IDS.jpg,843434,depth,50.0 centimetre,"happet Aquariums bonding collage et Votanchalte and sealing; caves des aquarlums construction; gluing fabrlcatlon de grottes et Io omaments collage des decoratlons Transparent Transparent Klejenlo uszczelnlanic akwariow; budowa grol przyklejanie ozdob Transparent (DE) Vorkloban und Dichien happed] Von Aquarien; Hohlonbau Anklobon von Schmuck aquarium SILICONE Transparent 100% 5Oml CKncibaHHA Ta ywinbHeHHA akeapiymib_ Aquarluma bonding and cavos consinucuon  6ynIBHM4tbO neyep cllina ctnamanit nphkneroBaHHA Aekopauim: Klelonlo | uszczeinlunlo npozopww aawurow, budona grol DIzyeuinnc ord8b"
125,186627,https://m.media-amazon.com/images/I/6167YNUM5lL.jpg,728778,depth,190.0 centimetre,@RB+ niEbbbrElittx 17CM KingCamp t 44 730g 29CM xingcamp 19OCM 64CM
126,194093,https://m.media-amazon.com/images/I/51ACecZ9bUL.jpg,825239,depth,300.0 centimetre,750cm 280cm 300cm 210cm 215cm 200cm 185cm
127,198147,https://m.media-amazon.com/images/I/61FYvXVnrbL.jpg,931247,depth,220.0 centimetre,130cm/51.18in 220cm/86.61in
128,188649,https://m.media-amazon.com/images/I/615XIv2FhJL.jpg,245652,depth,20.0 centimetre,15*8*20cm
129,212857,https://m.media-amazon.com/images/I/51yyKdYEOIL.jpg,864320,depth,39.0 centimetre,39cm Chest: 82cm 32inch Waist: 61cm 24inch Hip: 86cm / 34inch 3 3
130,200432,https://m.media-amazon.com/images/I/41KoN3woqWL.jpg,126471,depth,203.0 centimetre,203cm 1 1
131,216337,https://m.media-amazon.com/images/I/516Pg1xPeTL.jpg,208023,depth,18.0 inch,6 5 3 3 20 inch 22 inch
132,192186,https://m.media-amazon.com/images/I/51HFkgOs44L.jpg,579652,depth,30.0 centimetre,8 14cm 30cm
133,207234,https://m.media-amazon.com/images/I/51Uz696FoUL.jpg,446789,depth,203.0 centimetre,"100 cm( 39.4"" ) cm( ') 1 100 cm39.4 ; 3 20 cm( 7.9"" 80* ) J7 100 cm( 39.4"" ) 200 78.7"" 203 . cml"
134,218219,https://m.media-amazon.com/images/I/51KOCcrpmSL.jpg,966823,depth,3.5 inch,"m DESIGN 4.15"" 10.5cm 3.5"" 8.9cm 3.5"" 8.9cm"
135,217163,https://m.media-amazon.com/images/I/51UeyfkKkvS.jpg,339467,depth,9.1 inch,< 5 W N 5 13.2 in: 9 in
136,184994,https://m.media-amazon.com/images/I/61ByWbJ5BEL.jpg,750883,depth,22.0 millimetre,2Omm 22mm 0 H 19mm 12mm
137,200089,https://m.media-amazon.com/images/I/515yXFBJYML.jpg,784538,depth,40.0 centimetre,28cm*36cm 4Ocm*60cm 4Ocm*b0cm 28cm*36cm
138,180836,https://m.media-amazon.com/images/I/51LMww-vASL.jpg,630869,depth,18.0 centimetre,About 18 cm About 19.5 cm About 1.5 cm
139,193350,https://m.media-amazon.com/images/I/615PHnjZ-ZL.jpg,132401,depth,18.5 inch,healeh 5.5in 3.Tin 11.4in 18.5in grin
140,140890,https://m.media-amazon.com/images/I/51NJWrrb8XL.jpg,849273,width,12.0 centimetre,PRODUCT SIZES Hechooses 8 20.5cm/8.07in
141,147033,https://m.media-amazon.com/images/I/51UEdG3qhEL.jpg,991868,width,40.0 inch,"8 w 40 inch 1,.57 inch"
142,156467,https://m.media-amazon.com/images/I/419NQoCpaRL.jpg,801829,width,38.0 inch,8 8 ; 3 Hi 96 cm 95 cm 38 inch 37 inch
143,140577,https://m.media-amazon.com/images/I/51H26fBu9TL.jpg,514726,width,50.0 centimetre,Groke 36 x 50 cm bis 36 X 60 cm Farbe Flieder Material Baumwollmischung Stofftyp 97% Baumwolle 3% Elasthan
144,158273,https://m.media-amazon.com/images/I/41fFZEmcggL.jpg,695925,width,24.0 centimetre,0 1 9.44in/24cm
145,155447,https://m.media-amazon.com/images/I/61FLkOtpdML.jpg,594224,width,34.0 centimetre,Product Size Details Flexible Watch Pillows for Different Size Watches Closing size 1 E USam 34cm Pillow size Opening size 0 220m 34cm 5 0 3
146,162382,https://m.media-amazon.com/images/I/615VMNPIqCL.jpg,242256,width,70.87 inch,11.81 in 70.87 in
147,142049,https://m.media-amazon.com/images/I/61ArmVUAwaL.jpg,849273,width,2.16 inch,SIZE SHOW 3.35 in (8.5 cm) 7.87 in (20 cm) 2.16 in (5.5 cm)
148,167896,https://m.media-amazon.com/images/I/61+aQtmW7VL.jpg,955522,width,3.5 inch,"One screen for all seeds Grow all types of sprouts, including bean alfalfa, broccoli, mung bean and more 3.5 inch sprout cover Can provide ideal germination space for seeds Suitable for all jars (If your size matches) a}"
149,151015,https://m.media-amazon.com/images/I/6165GuXbarL.jpg,860821,width,17.5 centimetre,"017,5 cm 29 cm 4,5 cm 017,5 cm LED 31,5 cm 7 cm"
150,149830,https://m.media-amazon.com/images/I/51mkB4vIRkL.jpg,530318,width,159.0 millimetre,M12xl5 960242 Burley 159-165mm TAGZAN
151,162842,https://m.media-amazon.com/images/I/51B1Q5Mdw-L.jpg,861555,width,2.0 centimetre,13cm 24cm 2cm
152,160575,https://m.media-amazon.com/images/I/6181EPdNRRL.jpg,442321,width,39.37 inch,"39.37"" 19.68"" 29.53"""
153,137097,https://m.media-amazon.com/images/I/51S+w1pccEL.jpg,932012,width,200.0 centimetre,Taille 100 x 200 cm Couleur Gris Materiau Papier Type de fixation Montage interieur
154,141516,https://m.media-amazon.com/images/I/51AMSmDJK8L.jpg,184557,width,7.28 inch,3.74in 7.28in
155,170180,https://m.media-amazon.com/images/I/41HZMVbRybS.jpg,300630,width,25.0 centimetre,25 _V 1 4 5 _m
156,146425,https://m.media-amazon.com/images/I/51sk-G+H6hL.jpg,784538,width,51.0 inch,7 5 2 12 59 inch
157,152334,https://m.media-amazon.com/images/I/51chyHc0pcL.jpg,478357,width,56.0 centimetre,60CM F 4OCM 65-95CM 56CM 2
158,137618,https://m.media-amazon.com/images/I/51Ytxx90h9L.jpg,521308,width,80.7 inch,"1.70m (57*) A7e (16.5"") Inecn 42 cm (245Cm (30.7"") 472O 61.46 (4.1"") 78 cm (26.3"") 10.41 cm 66.80 cm O4m (22""155.88 cm (5.5"") 1 14 cm (16.1"") T70 40.89 cm '(31.2"") (80_ 1.7""12.04 m 79.24 cm"
159,168369,https://m.media-amazon.com/images/I/617yMOBTrBL.jpg,415441,width,12.2 inch,3.Icm 2 Cm 0.78 in 1.22 in 31 cm (12.2 in) 38 cm (15 in) 
