image_link,paddleocr_output
https://m.media-amazon.com/images/I/71c7OUcucTL.jpg,"ATHOUGHTFULGIFT
FORANYHOME
LEMON LAVENDER
CITRON LAVANDE
567 g
NATURAL &SYNTHETIC FRAGRANCE"
https://m.media-amazon.com/images/I/81KcClrXxaL.jpg,"COOK
6 Auto Cook Menus
6
From popcorn to pasta, these pre-set menus.
make heating your favourite foods easier than ever
MENUS
9:88
RICE
VEGETABLES
PASTA
FISH
POPCORN
BEVERAGES
250g
REHEAT
500g
DISPLAY OFFE
*
1kc
DEFROST
2
5
6
8
ille
POWER
CLOCK
PAUSE/CANCEL
START/+30SEC."
https://m.media-amazon.com/images/I/7194z1PyexL.jpg,"FULFIL
CHOCOLATE
PEANUT
Spgar
CARAMEL
LAVO
P
VITAMIN &PROTEINBAR
NETWT1.41 OZ(40g)
NON GMOGLUTEN FREE
15g
PROTEI"
https://m.media-amazon.com/images/I/51NNyPYohuL.jpg,"Name-1
7 mm
2.2 g
R"
https://m.media-amazon.com/images/I/51K8zUa5T1L.jpg,"Peso Netto (g):
62,00
H - Altezza (mm):
24,00
d1 - Diametro esterno (mm):
215,00"
https://m.media-amazon.com/images/I/61EJ30GOtoL.jpg,"316L Stainless Steel
Weight : 16g
High Polished Surface
59mm
8mm"
https://m.media-amazon.com/images/I/51Vhbg7qFDL.jpg,"5mm/(0.2"")
64mm/(2.52"")
Material:Stainless steel
Weight:12g"
https://m.media-amazon.com/images/I/71QBpM5AjbL.jpg,330GRMS 10)
https://m.media-amazon.com/images/I/71NqdfoTJyL.jpg,"NEES
CLOWE
AN
INI
FLAVOUR INST
BEANIES
CUGAR
COCONUT
SURAER
BEANIES
&RASPBERR
ALORI
FLAVOUR INSTANT COFFEE
NONUTS
CLORIE
MAPLE-
Fudgeoy"
https://m.media-amazon.com/images/I/81W+p-AC2BL.jpg,"Bich
DIRECTIONS FOR USE
Anytime you have that Fu k Around And Find Out""
feeling from a Bi ch.Hoe or Thot, simply stand back
and spray that bi ch in the face until they are gone.
The crisp fu k off scent will linger long after that bi ch
be gone.
begone
NOT FOR USE ON CHILDREN: Having issues with
WHERE TO USE
Bi ch be gone can be used anywhere, Home, office,
DONT TRY ME
cars, stores, and anywhere you need a bi ch to be
gone.
SPRAY
Need something stronger? Keep watch for our new
Bi ches get stitches"" line of portable cleaning items.
ELIMINATES
Works Great For
HOES
Bi ches *Hoes*Thots*Karens*Sluts*Wenches*Skanks
Dumbasses*Pricks*Di ks*Assholes*Scumbags
Douch Canoes*Thundercunts*Twatwaffles*Sh t heads
Micro-managing Bosses*Lazy-ass Supervisors*
Annoying Customers*Petty Exes*Narcissists* Snobs
Active Ingredients
Water,Alcohol,Dash of no fu ks givenSide eyeSTFU
Pepper Eye rolls Yolo no 6.No patienceAcid 543
GTFO420,Red no40
NETWT
(01)95012345678903(3103)000123
20 oZ"
https://m.media-amazon.com/images/I/614QuN-aYCL.jpg,"Woven in three layers
Material: 100% Polyester
Weight:230 g/m2
hole diameter
6cm
4cm"
https://m.media-amazon.com/images/I/71Zs4fOVa1L.jpg,"App-Fernbedienung und Fernsteuerung
NAERSK
PowenShorel
SEA_ALD
DUAL CONTROL
MODE
2.4G REMOTE CONTROL
APP REMOTE CONTROL MODE
000000"
https://m.media-amazon.com/images/I/81zm1GVN6wL.jpg,"DULCES
OTE
KO-TORA
ALVBRO
otie
pro
SABORES:DURAZNO Y PINA
ALVBRO
LOLLIPOPS
PALETAS
40
LITTLECHICKEN
PIECES
PIELA
POELITOASADO
NETWT197OZ"
https://m.media-amazon.com/images/I/61-6Pa3DUlL.jpg,"+
size
Geeignete Hohe
Geeignete Gewicht
S
120-145cm
25-35kg
M
155-168cm
45-60kg
L
170-175cm
60-70kg
XL
175-180cm
70-80kg
XXL
180-185cm
80-90kg
XXXL
185-195cm
90-110kg"
https://m.media-amazon.com/images/I/614aBp6QwxL.jpg,"Eight sizes of the chain:
A.35cm (14inches) Net weight:6.9g
B.46cm (18inches) Net weight:9g
C.51cm (20inches)Net weight:9.5g
D.55cm (22inches)Net weight:10g
E.61cm (24inches)Net weight:11g
F.66cm (26inches)Net weight:12g
G.71cm (28inches)Net weight:15g
H.76cm (30inches) Net weight:16g
High Quality Black Plated
3mm(0.1inch)"
https://m.media-amazon.com/images/I/61q588ra9kL.jpg,"PREM
NATUREFOOD
Salmon Fillets
SAUMON
100%
LACHS
Natural
97%SALMON
1000g e"
https://m.media-amazon.com/images/I/61S67pg7hBL.jpg,"Resealable and
recyclable pouch
yourhealthstore.co.uk
eat better,feel better
100% Pure Cheddar
Cheese
Powder
500g
Nutrition
Per100g
Calories
550Kcal
41.5g
SMADEIN
Carbohydrates
0.5g
BRITAIN
37.5
X0019UXZO
rhealthstore 100%o (Recyclable Pouch
New
100%
PREMIUM
NON
GMO
NATURAL
QUALITY"
https://m.media-amazon.com/images/I/714d9LgqFyL.jpg,"MSM.Vitamine C.Zinc et acides amines
Poids Net:87 g
Pour les femmes enceintes ou allaitantes, prendre
'avis d'un professionnel de sante. Tenir hors de
portee des enfants. Conserver i temperature
ambiante. Ne pas utiliser si I'opercule du flacon est
PEAU
manquant ou endommage. A consommer de
oreterence avant fin et lot N voir sur le haut du
facon. Ne pas depasser la dose journaliere.Solgar
CHE
est une margue deposee.
Les complements alimentaires ne peuvent etre
utilises comme substituts d'un regime alimentaire.
varie et equilibre et d'un mode de vie sain.
Solgar's KOF-K certification #K-1250
CONVIENT
Solgar est une marque deposee
Fabrique par Solgar UK:
SA
Solgar (U.K.),Herts,HP23 5PT
Pour NHS France
34-40 rue Guynemer
60C
92130Issy-les-Moulineaux
1735/40865
COMPLEME
SXFRB421302B"
https://m.media-amazon.com/images/I/717r4wdsHBL.jpg,"X
AREA
LAT.D
61
F
4"
https://m.media-amazon.com/images/I/81yMoafS-8L.jpg,"epuomnne
aninonda
VOM
VOM
FEINSTEN
FEINSTEN
ADULT
mit Pute, Huhnchen-
ADULT
brust + Krauter
Hihnchen-
Krauter
+
Pute,
brust
herbes
with Turkey, chicken breast + herbes
met Kalkoen, kippenborst + kruiden.
kruiden
con Tacchino, petto di pollo + erbe
herbes
avec dinde, poitrine de poule + herbes
Turkey,
ett
6x100ge
con
6 x100 g e"
https://m.media-amazon.com/images/I/71IlZAnNq7L.jpg,"ORGANIC
CHAI
BREWING
INSTRUCTIONS
8 floz
5min
205F
Heat fresh
Stay close to this
Pour water over
(preferably
sachet in cup.
steep time for
filtered) water.
optimal flavor.
CAFFEINE
GUIDE
40+mg
Values are based on
an 8 fl oz serving and
26-39mg
reflect our standard
16-25mg
brewing methods.A
115mg
standard 8 fl oz drip
coffee contains
CAFFEINE-FREE
150 mg caffeine."
https://m.media-amazon.com/images/I/716L4I-O08L.jpg,"00000/004-012020
Nahrungserganzungsmittel mit Calcium,
Vitamin D3 und SuBungsmitteln.
*Calcium wird fur die Erhaltung normaler Knochen und
Zahne benotigt.Vitamin D3 tragt zu einer normalen
SUNLIFEO
Aufnahme und Verwertung von Calcium bei.
Verzehrempfehlung:2 x taglich eine Brausetablette in
einem Glas Wasser (250 ml) auflosen und trinken.
Brausetabletten
Calcium+D3
Fur Knochen und Zahne*.
Auf die Einnahme weiterer Calcium-haltiger Nahrungs-
erganzungsmittel sollte verzichtet werden.Die angegebene
empfohlene tagliche Verzehrsmenge darf nicht uberschritten
werden.Nahrungserganzungsmittel sind kein Ersatz fur eine
abwechslungsreiche und ausgewogene Ernahrung und eine
gesunde Lebensweise.AuBer Reichweite von kleinen Kindern
aufbewahren.
Zutaten:Sauerungsmittel: Citronensaure;Calciumcarbonat;
Saureregulator:Natriumhydrogencarbonat; SuBungsmittel:
NatriumcyclamatStarkeFullstoffSorbitAromaZitrone und
Limette SuBungsmittel: Saccharin-NatriumCholecalciferol
Farbstoff:Riboflavin-5-phosphat.
Nahrwerte:
pro2Tabl.8,0 g
pro 100 g
Energie
65 kJ
815kJ
16kcal
194 kcal
Fett
<0,1g
0,1g
-davon:
gesattigte Fettsauren
<0,1g
<0,1g
Kohlenhydrate
0,2g
2,6g
-davon:Zucker
<0,1g
<0,1g
EiweiB
<01g
<0,1g
Salz
0,60g
7,54g
Zusammensetzung:
pro2Tabl.8,0g)
NRV*
Calcium
800 mg
100%
Vitamin D3
5,0 g
100%
*NRV=Nahrstoffbezugswert gemaB
Lebensmittelinformationsverordnung
Zitronen-
Geschlossen,trocken und vor Warme
geschutzt lagern.Mindestens haltbar
Limetten
bis Ende:siehe Boden
Geschmack
Inhalt:
20 Brause-
80 g
tabletten=
SUNLIFE Produktions-und
Glutenfrei
20
00
Vertriebsgesellschaft mbH
Schierbusch 3,
Laktosefrei
33161 Hovelhof-Germany
Zuckerfrei
Brause-
www.sunlife-vitamine.de
tabletten"
https://m.media-amazon.com/images/I/51MlCLd0MOL.jpg,"DRMTLGY
MEDICALGRADESKINCARE
PUMPKIN
ENZYME MASK
RENEW
exfoliate//hydrate
5.5 oz/156 g"
https://m.media-amazon.com/images/I/81bZIWKjxfL.jpg,"CONDENSED SOUPSOUPE CONDENSEE
CONDENSED SOUPSOUPE CONDENSEE
FLAVOU
ARTIFICIE
CONDENSED SOUP SOUPE CONDENSEE
10A
CONDENSED SOUPSOUPE CONDENSE
CONDENSED SOUPSOUPE CONDENSE
OA
CONDENSED SOUP SOUPE CONDENSE
FLA
FLA
ARTIF
CONDENSED SOUP SOUPE CONDENSEE
NO ARTI
Campbells
Campbells
SANS
Campbells
Campballs
COLO
TOMATO
TOMATO
TOMATO
TOMATO
RICE
RICE
RICE
RICE
TOMATES
TOMATES
TOMATES
TOMATES
ET RIZ
ET RIZ
ET RIZ
ETRIZ
284 mL
284 mL
284 mL
284 mL"
https://m.media-amazon.com/images/I/61vgSGw2X-L.jpg,"SUERIOSON
SILVER
OS
sanngetony
-Since 1999-
aripnkatorts
BIO-ACTIVE
SILVER
PRE
HYDROSOL""
The Ultimate Refinement
of Colloidal Silver
DAILY+
A
IMMUNE SUPE
SILVER
10PPM
#1
Since 1999-
BIO-ACTIVE
SILVER HYDROSOL""
The Utimate Refinement of Colloidal Se
DAILY+
MMUNE SUPPORT
10PPM
DIETARY SUPPLEMENT
4fl.oz./118mL
-Dropper-Top-
DIETARY SUPPLEMEN
4fl.oz./118 mL"
https://m.media-amazon.com/images/I/31eXwPch0TL.jpg,"ROYAL
BLISS
ZERO AZUCAR
TONIC WATER
250ml"
https://m.media-amazon.com/images/I/61NLjwkWuhL.jpg,"SANBENEDETTO
Succoso
ZERO
ARANCIA e ARANCIA ROSSA
LOTTO D PRODUZIONE E DA CONSUMARSI PREFERIBILMENTE ENTROL
VEDEREINDICAZIONI BOTTIGLIA E/O ETICHETTA
see agitare a bottigia. Confezionato in atmosfer protettiva
iato in ambiente asettico.Senza conservanti.
www.sanbenedetto.it
SENZA
GLUTINE
0,90L"
https://m.media-amazon.com/images/I/710mb1wSiLS.jpg,"Tahiti Trader
TARTCHERRY
organic juice concentrate
USDA
32 FL OZ (946 ML)"
https://m.media-amazon.com/images/I/5116r3GjWML.jpg,"Package Include
2x0.5L
4.13in
1xTallContainer
2x MesiumContainers
1x1.9L
2 x Small Containers
4.13in
2xMini Containers
4.13in
2x1.2L
4.17in
2x0.8L
4.17in
12in
8.07in
6.1in"
https://m.media-amazon.com/images/I/71d2-HL+9QL.jpg,"Yatura
Teo
R
prodotti da agricoltura biologica
Benefici:
Depura I'organismo
CHIUDERE
Elimina le tossine
eeee
Favorisce la digestione
1%.e consellee
Antiossidantenaturale
eenDas rodukt
ALOE
SINE
ARBORESCENS
BIOLOGICA
Immunostimolante
oues deabri
e  ieta ariaday
SINERGIA 1
Disintossicante"
https://m.media-amazon.com/images/I/81L0XwwHDpL.jpg,38
https://m.media-amazon.com/images/I/71Gy0Bf5ftL.jpg,"BENEFITS OF
BERBERINE
HEALTH
PROMOTE LIVER & HEART HEALTH
SUPPORTIMMUNESYSTEM
SUPPORT CARDIOVASCULAR HEALTH
Beworths
BERBERINE
LIQUID DROPS
HELP IMPROVE MOOD
HERBAL COMPLEX 10IN1
MILK THISECINNAMONBITTEMELON
Support Immune Health
Support Heart Wellnes
Support Digestion He
2PROMOTE DIGESTION SYSTEM
Support Overall Health
2FL.OZ/60M
) BALANCE BLOOD SUGAR LEVELS
DIETARY
EMENT"
https://m.media-amazon.com/images/I/81rLgy2RdmL.jpg,">10X
Supplement Facts
CLIMATE
Serving Size: 0.42 mL (3 sprays
POSITIVE
Servings Per Container: 142
Amount Per Serving
Proprietary Blend
0.42 mL -
Fresh Agarikon (Fomitopsis officinalis
mycelium extract 
Fresh Reishi (Ganoderma lucidum s.l.)
mycelium extract 
Fresh Chaga (Inonotus obliquus)
mycelium extract 
Fresh Birch Polypore (Piptoporus betulinus)
mycelium extract 
Fresh Turkey Tails (Trametes versicolor)
mycelium extract 
tDaily value not established Certified Organic
Other ingredients: water, alcohol  (alcohol
content: 25-35%), myceliated brown rice 
peppermint essential oil "
https://m.media-amazon.com/images/I/71l6W39OI0L.jpg,"MMERDIE RICHTIGEWAHL. ENTSCHEIDENSIESELBST!
SANT MUTRITION
FCK-NSATO
OW
FCK-NOW
ELAY SPRAY
AHNLICHE
HNLICHE
DELAY SPRAY
RODUKTE
PRODUKTE
50
50
PREMUMSPR
FCK-NOW
AHNLICHE
SPRAY
PRODUKTE
SCHNELLE WIRKUNG
DAUERT OFT ZU LANGE
Volle Wirkung in kurzer Zeit
Wirkung kann schwanken.
HOCHWERTIGE INHALTSSTOFFE
OFTMINDERWERTIGEINHALTSSTOFFE
Premium Formel/Gepruft
Kann Rotungen/Juckreiz auslose
OFTMITREIZSTOFFEN VERSETZT
100% NATURLICH&REIN
Allergien konnen entstehen
Ohne Chemie oderZusatze
MEISTPULVERODERPASTEN
EINFACHE ANWENDUNG
Schwerzu dosieren oder zu
Schnelle und anhaltende
langeVorlaufzeit
Wirkung dank hochdosierter
Inhaltsstoffen."
https://m.media-amazon.com/images/I/61KPRvZi7QL.jpg,"13.5cm/5.3in
10.5cm/4.1in
18.2cm/7.2in
15.5cm/6.1in
9.7cm
8cm
3.8in
3.1in
Small
850ML
medium 1750ML
16.5cm/6.5in
22.7cm/8.9in
11.5cm
4.5in
large
3300ML"
https://m.media-amazon.com/images/I/71VbyiL55TL.jpg,"EASY TO
PREPARE
1 SACHET
OF MERITENE
200ml
OF WATER, MILK
OR PLANT-BASED DRINK
(E.G. OAT MILK)
STIR
3
OR SHAKE
THOROUGHLY"
https://m.media-amazon.com/images/I/71yLa6P2u5L.jpg,"HERBIFY
?
EXTRAC
ALFALFA
ORGANIC
INGREDIENTS
GRASS
EXTRAC
MULBERRY
LEAFA
NTERNAL
HERBIFY
PROUDLY PRODUCED INTHEUSA
FER
DEODORANT
PURE BOTANICAL MIX
6,000mg
MMUNITY BOOST
POWERFUL DETOXIFY
Natural mood booster.
NATURAL CLEANSE
DIETARY SUPPLEMENT
2FL.OZ60ML
that improves your lifestyle"
https://m.media-amazon.com/images/I/71AtinNcoxL.jpg,"PURE-LE ORGANIC
LIQUID GREENS IS EASY TO USE
pURE-LE
ORGANIC
Liquid Greens
Chlorophyll(e)
MIX 1 TABLESPOON
Living Energy
IN YOUR FAVORITE DRINK, THEN
Energie vivante
DRINK AS YOU LIKE
detox
Alkaline | Antioxidants | Energy
Alcalin | Antioxydants | Energie
FEEL THE ENERGY
SPEARMINT I MENTHE VERTE
SUPPORTS
SOUTIENT
pH balance and
I'equilibre du pH
boosts energy
et ravive I'energie
450 mL
SUPER CONCENTRATEDE
SUPER CONCENTRE
WWW.PURELE.CA"
https://m.media-amazon.com/images/I/71OwNcnVv0L.jpg,"25%
LESS SUGAR
WITH ZINCAND
COMBINED SERVINGS OF
2
ANTIOXIDANTSA&C
VEGGIES &FRUIT
V8
Peach Mango
4
(1 QI
NATURALLY FLAVORED WITH OTHERN
NATURALELAVORS
100% JUICE"
https://m.media-amazon.com/images/I/71VfBbDkjCL.jpg,"oN
32
CLAV
STRONG
INGREDIENTS
PORTION 3 CAPSULES
PORTION PARRECIPIENT30PORTIONS
QUANTITE PAR PORTION
%DE LA VALEUR QUOTIDIENNE
EXTRAIT DEGRAINESDE FENUGREC
480 mg
t
DONT SAPONINES
240 mg
t
POUDRE DE FEUILLES D'ORTIE
450 mg
t
EXTRAIT D'AIL NOIR
300 mg
t
300 mg
L-ARGININE
POUDREDE CORDYCEPSSINENSIS
150 mg
t
EXTRAIT DEMACANOIRE
150 mg
t
ZINC
10 mg
91%
EXTRAIT DE GINSENG
60 mg
t
DONT GINSENOSIDES
4,8 mg
t
SELENIUM
55 g
100%
EXTRAITDETRIBULUS
30 mg
+
DONT SAPONINES
27 mg
t
L-HISTIDINE
15 mg
TVALEUR QUOTIDIENNE NON ETABLIE
INGREDIENTS:EXTRAIT DE GRAINESDE FENUGREC,POUDRE DE FEUILLES D'ORTIE,AGENT D'ENROBAGE:
HYDROXYPROPYL METHYLCELLULOSE,EXTRAITD'AIL NOIR 1O:1,L-ARGININE,POUDRE DE CORDYCEPS SINENSIS,
L-HISTIDINE.
SANS CRUAUTE
NON-GMO
100%VEGAN
DURABLE"
https://m.media-amazon.com/images/I/71ScuystREL.jpg,Na
https://m.media-amazon.com/images/I/51u-80qlwML.jpg,"SERIEDOMOVX
CARATTERISTICHE DI FUNZIONAMENTO A SO Hz
DOMOVX
2850 [rpm]
ISO9906:2012-Grade38
0
20
40
60
80
100
Q[mp gom]
20
40
80
100
120
Q[US gpm]
IH
10
30
DOMO20VX
20
XAOIOWO
DOMO15VX
10
DOMOTVX
0
5
10
15
20
25
30
Q [mm]
o
100
200
300
400
500
Q [l/min]
TABELLA DI PRESTAZIONI IDRAULICHE
POMPA TIPO
NOMIKALE
TENZA
20022
DOMO7VS7V0.550.75
X01OWOC
0.751
9.176.65.14.43.73.02.0
DOMO15VXT
7,773767656259544831
1115
13,010,610,510,29,99,79,59,18,67,0613.8
9.1888683807.8757165483.7
DOMO 20VXT
TABELLA DATI ELETTRICIE
POMPATIPO
ASSCRTASSOR
CONDENSATORE
POMPATIPO
SSORTA
POTENZA
CORNENTE
RSSORATA""
COMREMTE
MONOFASE
22
TRIFASE
Arr
ASSORAITA
P1450V
380-415V
DOMO 7VX (57VX0,79 (0,83)E,91 (4,03)
DOMO 10VX
DOMO7VXT(S7VXT)0,71 (0,76)2,56 (2,63)
DOMO 10VXT
1,48 (1,52)
DOMO15VX
1.36
5.88
6.11
DOMO15VXT
1,10
.26
4,09
DOMO20VXT
1.74"
https://m.media-amazon.com/images/I/61m3-HGEaXL.jpg,"High quality PBT material
High brightness LED, and 5V ARGB control"
https://m.media-amazon.com/images/I/71SuNO+qglL.jpg,"DOUBLE SAFER RIDING
Front+Rear Double Braking
(O)
180m Double
Disc Brakes
Power-on
Brake Lights
ED
48v Headlight
10m Collective"
https://m.media-amazon.com/images/I/51tVIBwP4pL.jpg,"YEAR
E
UNG
ASSEMBLEAUVIETNAM
RatedC
LiO
PS
GB31241-2014
Warning
5
CQC
C
.crush.
E
..
C
IS
IEC
16046/
MT
62133
de
R-41015946"
https://m.media-amazon.com/images/I/71uJfU5HbUL.jpg,"Battery:5.5v 2000MAh
Charge by sunlight in the daytime.
Working at night for 8-12 hours.
2-IN-1
One solar panel with 2 ground lights
Iow voltage and saving power."
https://m.media-amazon.com/images/I/61w3c0P3wFL.jpg,"PRODUCT DETAILS
Built in AA600mAh 1.2V
17%High conversion
Tiger
Ni-MHAA600mAh1.2V
ON/OFFButton
Battery must berecycled or disposed
IP65 WATERPRROOF"
https://m.media-amazon.com/images/I/61h7RSVfgPL.jpg,"HU
/Model/HE
3
1 YEAR
/Rated Ca
/Typical C
/Rated Volta
KC Certification numbee
/Limited
XU100246-18065
GB31241-20
888-808-080S/
/Li-onP
238R
Warning:
Do not disassemble,puncture
crush,heat,or burn.
..
1ICP5/64/84
5
Technologies Co.Ltd
Li-ion 00
gSCUDFujlan)Electronics Co.Ltd
 MADENCHINA
IS 16046/IEC62133
TIS2217-2548
Technologies (Thailand) Co.,Ltd
R-41026344
3.82V4.1Ah
www.bis.gov.in
G4A965"
https://m.media-amazon.com/images/I/81DQR-mPayL.jpg,"LARGE CAPACITY BATERY
100oOmAh Rechargeable Battery
Maximum Speed
24h
LCD Screen (Speed Level&Power Indicator
Minimum Speed
Switch On/Off
Speed
Speed+
Charging Port
-20
USB Charging Outlet
tage:DC14-20V
utPower""
""15W
36%
charging
27min.remaining"
https://m.media-amazon.com/images/I/61w323QIMHL.jpg,"Outlet diam 19mm
3m power cable
with switch
Anescy
DC12V
30U/mn
BOW
RPM
SOOR
19mm
Cord Length
woadird
5tm
3r
CE
Stainless steel
housing,rust-proof
and corrosion-resistant
Removable stainless
steel filter for easy
12V cigarette lighter
disassembly and cleaning"
https://m.media-amazon.com/images/I/71Tp-wYAs4L.jpg,NTENA
https://m.media-amazon.com/images/I/61yJEy92olL.jpg,"1500GPH
BILGEPUMP
2VOL
OMP
ye
BILGEPUMP
1500GPH
29mm ID HosC
CE
sdwe
SWIT
CH"
https://m.media-amazon.com/images/I/719DBXRh8hL.jpg,"Bm
PREMIUM
Bm
PREMIUM
BATTERY CHARGER
Input:AC 100V-240V~50/60Hz
Max150mA
Instructions:
Slide battery into charger
ensuring the + and-contacts
are properly aligned.
Flip out the prongs and plug
into any household AC outlet.
LED indicator shows RED while
charging and GREEN when full.
Do not disassemble unit."
https://m.media-amazon.com/images/I/71xoIhDhxGL.jpg,"5.5CM/0.18FT
Short press to turn on/off.
USB powered DC 5V,
11.6CM /0.38FT
Iong press to dim the
works with power bank/
brightness from 1%-100%
power station
With hook, easy to hang
Removable bulbs
7.5M/24.6FT
14.6CM/5.75FT
180CM/5.9FT
44.4CM/1.45FT
85CM/2.78FT
C"
https://m.media-amazon.com/images/I/61PT5Wphl1L.jpg,"TOUCHCONTROLSWITCHFREE DIMMING
Brightness+/-
ON/OFF
(Speed up/down)
OFF
ON
7color
R
G
W
jumpy change
FLASH
white fade out
STROBE
&fade in
Static
monochrome
FADE
7color
mode
fade change
SOOOTH
3 base color
jumpy
FLEXISLE CUSTOMIZATION,SHAPE AND LENGTH CAN BE AOJUSTED AS NEEOED.
CONVENIENT CUT MARK.THE CUT PART DOES NOT LEAK.
LIGHT STRIPCUTTINGLINE"
https://m.media-amazon.com/images/I/41pm2rIN1SL.jpg,"DIAPHRAGM
MODE
SERIAL NO.See botom S
USE WITH APPROVED
DO NOT USEW
Specially
POWER SUPPLYDC24V
AMP:0.8A Max.at90PS
AQUA GRAND
AEU+"
https://m.media-amazon.com/images/I/61M38jzA5JL.jpg,"SYNCRA 3.0
120V-60Hz0.43A
SICCE
IPX8
Intertek
Z.P
iK
4000780
PULLTO OPEN"
https://m.media-amazon.com/images/I/51j8iBHdfRL.jpg,"BILGEPUMP
3500GPH CE
12-VOLT 14.0AMP 40mm ID Hose
MODEL:HYBP1-G3500-01
CONNECTTO
ONLY"
https://m.media-amazon.com/images/I/61Bos3EYnDL.jpg,"ProPOW
AC85-265V
7W Yellow
ProPOW
CEROHSFC
AC85-265V
7W Yellow
CEROHSFC"
https://m.media-amazon.com/images/I/915MaQnD6oL.jpg,"+
+
SAMSUNG
SAMSUNG
Near Field Communication
Please refer to manual before using battery
CELL MADE IN KOREA.ASSEMBLED INVIETNAM
Veuillez consulter le guide d'utilisation
BATTERIE FABRIQUE EN COREE,ASSEMBLE AUVIETNAM
avant d'utiliser la pile
Referez-vous au mode d'emploi
avant d'utiliser la batterie
3.85V Li-ion BATTERY 3.85V Li-ion BATTERIE 10.78 Wh
Consulte o manual antes de usar a bateria
3,85V Li-ion BATERiA 3,85V Li-ion BATERIA 10,78 Wh
Por favor lea el manual antes de
CHARGEVOLTAGE4.4V/3.85V
utilizar la bateria.
CESS
NOMED
EB-BG900BBE 2800mAh
S/N:AA1H515FS/2-B
45C
2016.05.15"
https://m.media-amazon.com/images/I/71LIGSE+TmL.jpg,"MORE
POWER
ISDW BAFANG
MOTOR
NM
Rated Power
Max Torque
Max Mileage
Limited Speed
750W
80NM
50~62+Miles
20MPH"
https://m.media-amazon.com/images/I/61V3g5L5PzL.jpg,"Support 1080P
Normal
Full HD 1080P
CableDecom
DVI
HDMI
VGA"
https://m.media-amazon.com/images/I/71FZ39HkfML.jpg,"60W
60W
Aluminum shel
10000
+
Nylon Braided
Bend Lifespan
Reinforced tail"
https://m.media-amazon.com/images/I/51Nm9A58fHL.jpg,"kmart
lmart
12TABLE FAN
NCEPTIONCRUST
12TABLEFAN
-2
3Speed Control
kmort
ecos
Super Quiet Motor
Oscillation Function
NEOM
Voltage:230V-50Hz
ASECEO
Power:405w
kmart
MSAROW
BOMGLTOTEM
sHoa-vocs:opuoV"
https://m.media-amazon.com/images/I/71QMaTpKvxS.jpg,"Equipement applicable
UHF Female
UHF Male
RS-40
RANGE
COAXIAL SWITOH
C"
https://m.media-amazon.com/images/I/61bVFGPo2UL.jpg,"HAMILYEAH
Safe Wire Connection
Quality E26 Base
(60W Max)"
https://m.media-amazon.com/images/I/71vq3vQ++PL.jpg,"750W 86Nm
7-SPEED
28MPH
HIGH POWERGEAR
SHIMANO GEARING
MAXSPEED
750w High-Power 86Nm Motor"
https://m.media-amazon.com/images/I/61r-aSqGwYL.jpg,"NOT INCLUDED
51max
Ssmh
GU10x2
MAX50W
UK Not included
DE Nicht enthalten
FR Non inclus
Non incluso
NL Nie uwzglednione
Ingar ej
SE Niet inbegrepen
INCLUDED
1+
220-240V
on
50/60Hz
off
T-15
36mA
T45
20.000x
36o
IP20
Co.5mE
CE
Made in China"
https://m.media-amazon.com/images/I/61weT6VaLlS.jpg,"Anwendungsbereich
Leistung:
Produktgroe:
Innenbereich:
48W
q30+50*3cm
10-15m2"
https://m.media-amazon.com/images/I/518M1NZZmRL.jpg,"Compatible with all fast charging
Support QC2.0/FCP/SCP and other protocols
66W
40W
Super fast charge
Super fast charge
2:4
11868
71%
85.69%
Max 66W
Max40w
One line to solve all models"
https://m.media-amazon.com/images/I/81-z443vr0L.jpg,"THE URBAN
GEEK
5A high current
Significantly reduces charging time compared to standard cables
esc
3
3
ED
10ow fast charging
Enables rapid charging for a wide range of devices such as phones
tablets, headsets, power banks, and earbuds"
https://m.media-amazon.com/images/I/71cwxZkS1CL.jpg,"183mm
153mm
6V/5W Larger Panel
7 rate up to 20%"
https://m.media-amazon.com/images/I/81mrSCSyQbL.jpg,"POWERFUL
MOTOR
HIGHSPEED&SAFE
36V 350W
19-20MPH
20DEGREE
Brushless Hub Motor
Max Speed
SLOPE"
https://m.media-amazon.com/images/I/710D8ZbgDZL.jpg,"3A Charge Rapide Cordon
Protect Your Devices From Overheating or Overvoltage Damage
USB3.0
Max66i
0
High Current
QC 3.0 Protocol
Safe Charging"
https://m.media-amazon.com/images/I/719td4sJJLL.jpg,"Battery indicator light
Input:DC 12V
100%
25%
50%
75%
50%
25%
Output:DC 5V
Output DC Botton
75%
100%
RECHARGEABLE FLOOR FAN
Model:DFC-F10R
Output power.25w
Input:100-240Vac 50/60 Hz 1.0A max
11.1V/15000mAh(Li-ion)
FC
MADE IN CHINA"
https://m.media-amazon.com/images/I/61CR8ZTT4pL.jpg,"The Latest 100W
USB C to C Cable
Ultra Fast Charging
SA-100W
Latest 100W
Upgrade 60w
Regular 18w "
https://m.media-amazon.com/images/I/71CBQEm86TL.jpg,"20""36V250W Front wheel
Front fork open size:1oomm
Brushless toothed motor"
https://m.media-amazon.com/images/I/513Xe7HuUML.jpg,"Specifications:
1.5V0.3W
LED Qty6 LED
 Light color:Warm White
LED life:50,000 hours or
more
MountingTape or
Magnet
Product Diameter3.15 in
Thickness:0.87 in
Package includes:
6 x Motion Sensor LED
Night Light
6x double-sided
adhesive pars
1 x User Manual"
https://m.media-amazon.com/images/I/61v9ZCh-scL.jpg,"HINTERRAD MIT BRUSHLESS MOTORE
GABELMINDESTBREITE 135MM
7FREEWHEELS
48V
1000W LCD
28"""
https://m.media-amazon.com/images/I/815ItNAU7kL.jpg,"Night Light Projector
Product Diagram
User Manual
USB port
Projector light
Auto-timerindicator
Rotation
Power button
Background light button
Background light
Auto-timer
Package Content
Quantity
Name
Night light projector
1
USB cable
User manual
Product Specifications
Press the button  to turn on the projector
3W
light in red,and press it in turn to set R, G, B.
Rated Power
R&G,R&B,G&B,RGB,and RGB color changing
Input
DC5V/1A
Light source
3Pcs LEDs
o Rotation switch
Projector light mode
8 kinds of RGB light
Press the button 5 to make the projector
Auto-timer setting
1h/2h/3h
light rotate slowly,and press it again to stop
Lamp materials
PC+ABS
the projector light rotating.
How to use
 Auto-timer
Press once the button () in turn to set 4 kinds
Background light
 of timer: 1h/2h/3h/deactivating the timer, the
The Background light can be used as an
related green auto-timer indicator will be
ambient light to accompany you warmly.
turned on when the timer is set successfully,
 Power on dinosaur,Its chest will light up blue
when the timer is deactivated,the auto-timer
background light.
indicator will be turned off.
* Power off dinosaur, The background light will
be off. Press the background light button -Q
Caution
you can turn on/off the background light.
 Do not use the lamp when the USB cable is
frayed or damaged.
o Power on/off
. Do not touch the adapter or UsB cable with
Press the power button ) , the projector light
wet hands when using.
turns on and starts to rotate, press the power
Never overload electrical circuits to avoid
button again, the projector light turns off and
electrical shock or fire
stopsrotating.
 Do not repair,disassemble or modify the lamp.
 Projector light
in any circumstances."
https://m.media-amazon.com/images/I/718VhIGgKaL.jpg,"ken
en
Lentil
Chunky
Tomato
254
CLASSICS
SO
unky Tomat
en"
https://m.media-amazon.com/images/I/711Lo5JpPwL.jpg,"vanse
yanse
0303
18.30m
AUTHERMALE
Avene
Eou Thermale
Themoal water
autrio
geMoid"
https://m.media-amazon.com/images/I/71hHtpHw4DL.jpg,"PARTS
High Quality Nylon Base Easily Withstand
Weight Upto-12O kg
Heavy Duty Nylon Castor Wheels.
Class 4 Gas Lift with Cover.
Soft Padded & Fixed Arm Rest."
https://m.media-amazon.com/images/I/81ByoqUOdML.jpg,"Large Capacity
Hold 19 bottles of 34OZ toiletries
Naalary
SEAWEED
SEAWEED
6 Hooks
meraki
Razor"
https://m.media-amazon.com/images/I/71Fko2dwxrL.jpg,HoId up to 5KG /11LB
https://m.media-amazon.com/images/I/61zsZkERk+L.jpg,"JC Penney
Thanks so much
Orthe
great service.
again.""
Brian Cocoa Beach
I owe you one.
KevinSan MateoCA
aee"
https://m.media-amazon.com/images/I/71-Not4fN7L.jpg,Only Compatible for RAM 1500/2500/3500 2019+
https://m.media-amazon.com/images/I/61oAdBFpyfL.jpg,"PATIOFY
COMFORT AT YOUR DOOR STEP
Full Height
Weight Holding.
53 Inches
Capacity
20
KG
Width
20 Inches
Depth
10 Inches
Length
30 Inches"
https://m.media-amazon.com/images/I/71ON7bGJlwL.jpg,"Sturdy metal frame
for enhanced
stability
LARE
Each tier of metal shelt
can hold 11lbs"
https://m.media-amazon.com/images/I/71IFOlG5+rL.jpg,"45.6cm
Max. load bearing
135kg
29.5cm
86cm
50.5cm
66cm
58cm"
https://m.media-amazon.com/images/I/61OE34I9tSL.jpg,"28""
9""
APUSION
36""
LG BED
Great for Border Collies
or simlilar breed and.
UP TO 50 LBS
multiple small dogs."
https://m.media-amazon.com/images/I/71+xQ9p-93L.jpg,"fancxamic
sxamk
7882009"
https://m.media-amazon.com/images/I/71KopROv5WL.jpg,"3 SEATER SWING
Swing together for three times the fun
Patio
Backyard
Garden
eC
Weight Capacity: 200kg/440 Ibs
Swimming Pool"
https://m.media-amazon.com/images/I/71FWXCDiNML.jpg,"Heavy Duty Steel Rod
28mm
25mm
55lbs
28mm"
https://m.media-amazon.com/images/I/71seLYzGiJS.jpg,"Shape:
ECO
D-Shape
FRIENDLY
PRODUCT
Weight Holding Capacity:
200 Kgs
Material:
Nylon Ropes with Sturdy
Frame
Features:
Eco-Friendly & Skin-
Friendly
Quality:
100% Natural & of high
quality"
https://m.media-amazon.com/images/I/81YElYMz7CL.jpg,"12""
35.5
61.5""
10.5
78""
41.5""
Weight Limit Lower Bunk: 225 Ib.
Weight Limit Upper Bunk: 200 Ib."
https://m.media-amazon.com/images/I/61+kqvH70GL.jpg,"DURAFIT
ORBIT
BIKE
OBMO1
100KG
MAXUSER
WEIGHT
ADJUSTABLERESISTANCE"
https://m.media-amazon.com/images/I/71ZORLWUT5L.jpg,"Solid Wooden Legs
Smooth wooden surface
Strong & long lasting
330LBS weight capacity"
https://m.media-amazon.com/images/I/41IhkUBUEDL.jpg,"M ann
VEE402020
Andarta
SimplySmart
2Ply White V-Fold
Embossed Hand Towel
vEsESr"
https://m.media-amazon.com/images/I/71ipEURTAvL.jpg,"Product Advantages
Strong adhesive
Bear 40LB weight
Anti-rust
Custom height"
https://m.media-amazon.com/images/I/51FF-opkDFL.jpg,">37mm
40mm
16mm
110mm
4mm
70mm
>26mm"
https://m.media-amazon.com/images/I/41kgxO3bUCL.jpg,12cm(4.7inch)
https://m.media-amazon.com/images/I/61DjRW7fTXL.jpg,7 cm
https://m.media-amazon.com/images/I/51PrBK+tuzL.jpg,"6.7in/17cm
4.3in/11cm"
https://m.media-amazon.com/images/I/41p45P7f3xL.jpg,"35cm
48.5cm
7.5 cm
-
vEnuotek
6cm
6cm
2.6 cm"
https://m.media-amazon.com/images/I/51o1HVbwt9L.jpg,"PRODUCT DETAIL
ItemBG-7267
Material: TPU material
Name: Bange Business
Size47cmx30cmx15cm
Backpack
Color: BlackGray
Net weight:1.37kg
BG
47cm
15cm
30cm"
https://m.media-amazon.com/images/I/51lu47DtQFL.jpg,"35MM
90MM"
https://m.media-amazon.com/images/I/51w+rcxtuRS.jpg,"Size Information
40cm/15.75in
40cm/15.75in
2.9cm/1.14in
6.5cm/2.56in"
https://m.media-amazon.com/images/I/616Ck9c1ZpL.jpg,"24,4 inch / 62 cm
35.8 inch / 91cm
15,7 inch
40 cm"
https://m.media-amazon.com/images/I/51VVEulParL.jpg,"GroBe
XXL-ca.78cm
Farbe
Pinkrosa
Material
Polystyrol, Nylon
Fullmaterial
Polystyrol"
https://m.media-amazon.com/images/I/416clmi8REL.jpg,"8.3 in/2
21 cm
6.3 in/16 cm"
https://m.media-amazon.com/images/I/51C4J1vt+sL.jpg,"21~26CM
24CM
36CM"
https://m.media-amazon.com/images/I/615ZxjvCT7L.jpg,"27.5""
50.5""
23""
Full Size 54""
Queen Size 60'"
https://m.media-amazon.com/images/I/61+Z14fwhoS.jpg,"27.1""
43.3""
5.5""
N!
5
20.8""
=
19.6""
-
-
28.3'
31.8"""
https://m.media-amazon.com/images/I/41cqncf34sL.jpg,"T
6.8in
17cm
1"
https://m.media-amazon.com/images/I/51SRfBgk42L.jpg,"3.9in
Zenoe
11.7in
4.1in
9.33in
3.1in
2.8in"
https://m.media-amazon.com/images/I/51Nhy19jOIL.jpg,"Perfect sizefor your kitchen
200MM
360MM
275MM
C
D:38MM"
https://m.media-amazon.com/images/I/51T93MFY-QL.jpg,"32'
1
TOSHIBA
HDR
IMMERSIVE
1080
FULLHD
EDSMART TV
USB
RECOPLAY
YouTube
primevideo
NETFLIX
WiFi
TOSHIBA"
https://m.media-amazon.com/images/I/617PTC3al2L.jpg,"2.83""
0.47'
9.68""
17.5""
M
Coat
Strap dress
Sweater
Shirt"
https://m.media-amazon.com/images/I/61DOiB+xiXL.jpg,"11.5cm
6cm
9.5cm
Rr
1Pcs
1Pcs
10cm
9.5cm
1Pcs
1Pcs"
https://m.media-amazon.com/images/I/613h1gmpd5L.jpg,"3cm
6cm"
https://m.media-amazon.com/images/I/613ZPohxTCL.jpg,"HITCI
-MOUNTED
CARCOCARRIER&
Carge
Bag &Strap
6020
S""assembied
RELIABLE
Can be used on many vehicles,trucks&truck
beds for a safer way of transportation"
https://m.media-amazon.com/images/I/51K2xGVrw3L.jpg,"75-115cm
12cm
3cm
24cm"
https://m.media-amazon.com/images/I/613SgsLJd0L.jpg,"11cm
7cm
18cm"
https://m.media-amazon.com/images/I/617ZUFe2IDS.jpg,"haPpet
EN
FR
Aquariums-bonding
Le collage et I'etancheite
and sealing.caves
des aquariums,la
nstruction,gluing
fabrication de grottes et le
ornaments
collage des decorations
Transparent
Transparent
PL
Klejenie l uszczelnianie
akwariow.budowa grol
I przyklejanie ozdob
Transparent
DE
haPPet
Verkleben und Dichten
von Aquarien,Hohlenbau
aquarium
Ankleben von Schmuck
SILICONE
Transparent
100%
50ml
UA
CKneIOBaHHA Ta
Aguariums bonding and
G
ywinbHeHHg akBapiymie,
6ygiBHnyTBo neyep,
gluing omaments.
npnkneioBaHHa Aekopayin.
PD
Npo30pnn
I przyktejanie ozdob."
https://m.media-amazon.com/images/I/6167YNUM5lL.jpg,"i*&b#b#3ZlfT3
190CM
64CM
17CM
>KingCamp
t
730g
29CM"
https://m.media-amazon.com/images/I/51ACecZ9bUL.jpg,"750cm
280cm
300cm
210cm
215cm
200cm
185cm"
https://m.media-amazon.com/images/I/61FYvXVnrbL.jpg,"130cm/51.18in
220cm/86.61in"
https://m.media-amazon.com/images/I/615XIv2FhJL.jpg,15*8*20cm
https://m.media-amazon.com/images/I/51yyKdYEOIL.jpg,"39cm
Chest:82cm/32inch
Waist:61cm/24inch
Hip:86cm/34inch
175cm
101cm"
https://m.media-amazon.com/images/I/41KoN3woqWL.jpg,"153cm
5cm
203cm"
https://m.media-amazon.com/images/I/516Pg1xPeTL.jpg,"18 inch
 inch
20 inch
22 inch"
https://m.media-amazon.com/images/I/51HFkgOs44L.jpg,"48cm
14cm
30cm"
https://m.media-amazon.com/images/I/51Uz696FoUL.jpg,"100 cm39.4""
78/88 cm(30.7/34.6
200 cm(78.7""
100cm39.4
5cm(2"")
20 cm(7.9""
25 cm9.8
203cm80
100 cm39.4"""
https://m.media-amazon.com/images/I/51KOCcrpmSL.jpg,"m
DESIGN
4.15""
10.5cm
3.5""
3.5""
8.9cm
8.9cm"
https://m.media-amazon.com/images/I/51UeyfkKkvS.jpg,"6
2
2
5
........13.2in........
.9.1 in"
https://m.media-amazon.com/images/I/61ByWbJ5BEL.jpg,"20mm
22mm
19mm
12mm"
https://m.media-amazon.com/images/I/515yXFBJYML.jpg,"28cm*36cm
40cm*60cm
40cm*60cm
28cm*36cm"
https://m.media-amazon.com/images/I/51LMww-vASL.jpg,"About 18 cm
About 19.5 cm
About1.5cm"
https://m.media-amazon.com/images/I/615PHnjZ-ZL.jpg,"grin health
5.5in
3.1in
18.5in
11.4in"
https://m.media-amazon.com/images/I/51NJWrrb8XL.jpg,"PRODUCT SIZES
Hechooses
12cm/4.72in
20.5cm/8.07in"
https://m.media-amazon.com/images/I/51UEdG3qhEL.jpg,"32 inch
40 inch
1.57 inch"
https://m.media-amazon.com/images/I/419NQoCpaRL.jpg,"39 inch
98 cm
19 inch
49cm
96 cm
95 cm
38inch
37 inch"
https://m.media-amazon.com/images/I/51H26fBu9TL.jpg,"GroBe
36x50 cm bis36 x
60 cm
Farbe
Flieder
Material
Baumwollmischung
Stofftyp
97% Baumwolle 3%
Elasthan"
https://m.media-amazon.com/images/I/41fFZEmcggL.jpg,"9.44in/24cm
9.44in/24cm"
https://m.media-amazon.com/images/I/61FLkOtpdML.jpg,"Product Size Details
Flexible Watch Pillows for Different Size Watches
Closing size
29.5cm
51cm
5cm
34cm
19cm
17cm
7.5cm
34cm
Pillow size
Opening size"
https://m.media-amazon.com/images/I/615VMNPIqCL.jpg,"11.81 in
70.87 in"
https://m.media-amazon.com/images/I/61ArmVUAwaL.jpg,"SIZE SHOW
3.35 in
(8.5 cm)
7.87 in
20 cm
2.16 in
5.5 cm"
https://m.media-amazon.com/images/I/61+aQtmW7VL.jpg,"One screen for all seeds
Grow all types of sprouts,including bean alfalfa,broccoli, mung bean and more
3.5inch sproutcover
Can provide ideal germination space for seeds
Suitable for all jars
(Ifyour size matches"
https://m.media-amazon.com/images/I/6165GuXbarL.jpg,"17,5cm
29 cm
4,5 cm
17,5 cm
LED
31,5 cm
7 cm"
https://m.media-amazon.com/images/I/51mkB4vIRkL.jpg,"Burley
M12x1.5
960242
159-165mm
3621
TAIWAN"
https://m.media-amazon.com/images/I/51B1Q5Mdw-L.jpg,"13cm
2cm
24cm"
https://m.media-amazon.com/images/I/6181EPdNRRL.jpg,"39.37""
19.68""
29.53"""
https://m.media-amazon.com/images/I/51S+w1pccEL.jpg,"Taille
100x200cm
Couleur
Gris
Materiau
Papier
Type de fixation.
Montage interieur"
https://m.media-amazon.com/images/I/51AMSmDJK8L.jpg,"3.74in
7.28in"
https://m.media-amazon.com/images/I/41HZMVbRybS.jpg,"25 cm
145cm"
https://m.media-amazon.com/images/I/51sk-G+H6hL.jpg,"51 inch
59inch"
https://m.media-amazon.com/images/I/51chyHc0pcL.jpg,"60CM
40CM
65-95CM
38CM
56CM"
https://m.media-amazon.com/images/I/51Ytxx90h9L.jpg,".67
1.52
.37 n
1.21 n
1.70m
(5'7"")
1.44 cm
76.2.c
16.5)
42cm
0.96
24.2"")
(30.7)
45.72 om
61.46 cm
(4.1)
(26.3"")
78 cm
10.41cm
66.80 cm
2255.88cm
0.45c
(5.5)
14cm
16.1""
1524
40.89cm
31.2
80.72.04 m
79.24cm"
https://m.media-amazon.com/images/I/617yMOBTrBL.jpg,"2cm
3.1cm
1.22in
0.78 in
31 cm 12.2 in
38 cm(15 in)"
